Gene	pval	adjp	log2fc	Chr	Start	End	Strand	Biotype	Name	Description
ENSDARG00000031683	4.643118070869456e-44	1.0546842697979969e-39	-1.663131028281703	20	46552311	46554440	-1	protein_coding	fosab	v-fos FBJ murine osteosarcoma viral oncogene homolog Ab [Source:ZFIN;Acc:ZDB-GENE-031222-4]
ENSDARG00000034503	2.574560007233878e-32	2.9240565282158764e-28	0.838035510509445	2	48309600	48375342	-1	protein_coding	per2	period circadian clock 2 [Source:ZFIN;Acc:ZDB-GENE-011220-2]
ENSDARG00000104773	4.280493831142787e-28	3.2410472458136137e-24	-0.7810541746309473	3	7654655	7656059	-1	protein_coding	junbb	JunB proto-oncogene, AP-1 transcription factor subunit b [Source:ZFIN;Acc:ZDB-GENE-040426-2666]
ENSDARG00000055752	2.4946351270432096e-23	1.4166409227696627e-19	-0.7447448588293989	14	30636955	30642819	-1	protein_coding	npas4a	neuronal PAS domain protein 4a [Source:NCBI gene;Acc:724016]
ENSDARG00000087440	1.5844414500661688e-22	7.198117507650605e-19	2.0679494980332445	7	22680560	22684292	1	protein_coding	ponzr4	plac8 onzin related protein 4 [Source:ZFIN;Acc:ZDB-GENE-050411-6]
ENSDARG00000059054	2.9112546271422863e-22	1.0170186075775713e-18	0.7471538319065161	19	5674907	5687743	1	protein_coding	pdk2b	pyruvate dehydrogenase kinase, isozyme 2b [Source:ZFIN;Acc:ZDB-GENE-040426-939]
ENSDARG00000099195	3.1341097305934403e-22	1.0170186075775713e-18	-0.7927835991597645	3	33761549	33762726	1	protein_coding	ier2a	immediate early response 2a [Source:NCBI gene;Acc:797137]
ENSDARG00000079227	1.327477759287021e-21	3.769207162775586e-18	-1.4893702196945517	12	30517386	30523229	-1	protein_coding	plekhs1	pleckstrin homology domain containing, family S member 1 [Source:ZFIN;Acc:ZDB-GENE-080204-50]
ENSDARG00000098761	5.729356205151218e-21	1.4460258466667767e-17	-1.7197202185116396	22	24246213	24248420	-1	protein_coding	rgs2	regulator of G protein signaling 2 [Source:ZFIN;Acc:ZDB-GENE-040718-410]
ENSDARG00000086881	1.5342143411289934e-18	3.2117430800886777e-15	-0.8602131689498111	11	31038409	31039533	-1	protein_coding	ier2b	immediate early response 2b [Source:ZFIN;Acc:ZDB-GENE-030131-8244]
ENSDARG00000093494	1.555323525466672e-18	3.2117430800886777e-15	-0.772155925667385	1	52398205	52400660	1	protein_coding	si:ch211-217k17.9	si:ch211-217k17.9 [Source:ZFIN;Acc:ZDB-GENE-061207-21]
ENSDARG00000032801	3.3465479130797062e-18	6.334736320467128e-15	-1.2966320682914954	10	2715548	2755378	1	protein_coding	grk5	G protein-coupled receptor kinase 5 [Source:ZFIN;Acc:ZDB-GENE-091204-274]
ENSDARG00000023656	4.744222611829217e-18	8.289616663669282e-15	-9.08493307391428	22	14093306	14094746	1	protein_coding	he1.1	hatching enzyme 1, tandem duplicate 1 [Source:ZFIN;Acc:ZDB-GENE-021211-3]
ENSDARG00000097826	4.481406834061457e-17	7.271082588264714e-14	1.1914099813769465	12	39034225	39061186	1	protein_coding	si:dkey-239b22.2	si:dkey-239b22.2 [Source:ZFIN;Acc:ZDB-GENE-131120-8]
ENSDARG00000053761	6.904147144375207e-17	1.045518015896552e-13	-1.288266969193545	7	2228276	2234151	1	protein_coding	si:dkey-187j14.4	si:dkey-187j14.4 [Source:ZFIN;Acc:ZDB-GENE-131119-26]
ENSDARG00000070041	1.1730225412308697e-16	1.6653254390037004e-13	-2.1869730666865665	12	30528623	30540755	-1	protein_coding	zgc:153920	zgc:153920 [Source:ZFIN;Acc:ZDB-GENE-061013-702]
ENSDARG00000037421	1.9453274842534563e-16	2.599300812048074e-13	-0.5659082294197473	14	21332522	21336385	-1	protein_coding	egr1	early growth response 1 [Source:NCBI gene;Acc:30498]
ENSDARG00000077799	1.4410353853951553e-15	1.818506598847275e-12	-0.9271371116430163	23	45579497	45581626	1	protein_coding	egr4	early growth response 4 [Source:ZFIN;Acc:ZDB-GENE-080204-90]
ENSDARG00000089806	1.882042840195458e-15	2.2500317428968333e-12	-7.849496180951048	12	16634442	16636627	-1	protein_coding	si:dkey-239j18.3	si:dkey-239j18.3 [Source:ZFIN;Acc:ZDB-GENE-121214-39]
ENSDARG00000040277	1.969136601114675e-14	2.236446894715992e-11	0.5145653669246746	16	25259313	25272633	1	protein_coding	fbxo32	F-box protein 32 [Source:ZFIN;Acc:ZDB-GENE-040426-1040]
ENSDARG00000074150	6.136277498535287e-13	6.637406827582336e-10	-2.1132815323773926	12	46231498	46252062	-1	protein_coding	si:ch211-226h7.5	si:ch211-226h7.5 [Source:ZFIN;Acc:ZDB-GENE-130531-3]
ENSDARG00000076844	6.732878632842343e-13	6.951697188409719e-10	-1.1586285319646836	16	28797703	28836529	-1	protein_coding	plin6	perilipin 6 [Source:ZFIN;Acc:ZDB-GENE-070410-23]
ENSDARG00000093936	1.405016987615471e-12	1.3876069945080617e-9	-2.1064906410552684	18	7591381	7593581	1	protein_coding	si:dkeyp-1h4.6	si:dkeyp-1h4.6 [Source:ZFIN;Acc:ZDB-GENE-060503-841]
ENSDARG00000014975	1.8586731773846115e-12	1.7591567176788105e-9	-1.3364108513021749	16	25975426	25978063	-1	protein_coding	irge1	immunity-related GTPase family, e1 [Source:ZFIN;Acc:ZDB-GENE-051209-1]
ENSDARG00000020876	2.635143664325429e-12	2.394291533406085e-9	0.4230653213635479	12	28559408	28570989	-1	protein_coding	pdk2a	pyruvate dehydrogenase kinase, isozyme 2a [Source:ZFIN;Acc:ZDB-GENE-120910-1]
ENSDARG00000099186	3.0174161517054074e-12	2.6361772263841666e-9	0.36506359299074265	15	11643659	11671173	1	protein_coding	slc1a5	solute carrier family 1 member 5 [Source:ZFIN;Acc:ZDB-GENE-070501-4]
ENSDARG00000043093	4.03785904234065e-12	3.3970358572876986e-9	-1.038810747644992	8	19356072	19359834	1	protein_coding	mpeg1.2	macrophage expressed 1, tandem duplicate 2 [Source:ZFIN;Acc:ZDB-GENE-050522-305]
ENSDARG00000068951	4.611807221841885e-12	3.74132860871923e-9	-2.3829754325572434	18	15758375	15768336	1	protein_coding	si:ch211-219a15.4	si:ch211-219a15.4 [Source:ZFIN;Acc:ZDB-GENE-060503-308]
ENSDARG00000113076	6.357746182154484e-12	4.979869121642727e-9	-1.4297759609849117	12	43848634	44024244	-1	protein_coding	si:ch211-182p11.1	si:ch211-182p11.1 [Source:ZFIN;Acc:ZDB-GENE-131127-323]
ENSDARG00000097157	8.316438212008917e-12	6.296929799526084e-9	-1.0491125672709012	15	29593547	29598679	-1	protein_coding	si:ch211-207n23.2	si:ch211-207n23.2 [Source:ZFIN;Acc:ZDB-GENE-131121-310]
ENSDARG00000094198	9.873623557087298e-12	7.23481803545929e-9	0.5368545572513594	23	40466502	40472088	1	processed_transcript	CR354556.1	NA
ENSDARG00000100106	1.0873478847506088e-11	7.7184710006594e-9	-1.1448170417866919	12	43852970	43982343	-1	protein_coding	CR385054.1	NA
ENSDARG00000099555	1.1974939254669367e-11	8.242749853630747e-9	0.40927581346248776	15	3284416	3379041	1	protein_coding	foxo1a	forkhead box O1 a [Source:NCBI gene;Acc:768121]
ENSDARG00000100826	3.16740548704351e-11	2.116106342299804e-8	0.3813334401548895	15	25501864	25527581	-1	protein_coding	hif1al	hypoxia inducible factor 1 subunit alpha, like [Source:ZFIN;Acc:ZDB-GENE-040426-1315]
ENSDARG00000103199	4.00053693566357e-11	2.596348471245657e-8	-1.223153036209868	16	23339062	23346095	-1	protein_coding	si:dkey-247k7.2	si:dkey-247k7.2 [Source:ZFIN;Acc:ZDB-GENE-031118-45]
ENSDARG00000058285	5.4037342231985244e-11	3.409606191109846e-8	0.41574265769828317	18	8340886	8367566	1	protein_coding	cpt1b	carnitine palmitoyltransferase 1B (muscle) [Source:ZFIN;Acc:ZDB-GENE-041010-9]
ENSDARG00000030896	7.52863682410829e-11	4.621972579989725e-8	-0.7985946819383261	2	720779	722170	-1	protein_coding	foxq1a	forkhead box Q1a [Source:ZFIN;Acc:ZDB-GENE-070424-74]
ENSDARG00000104398	1.0720085937871407e-10	6.408072423124974e-8	-1.9855723632395266	16	45149355	45152169	-1	protein_coding	si:ch73-343g19.4	si:ch73-343g19.4 [Source:ZFIN;Acc:ZDB-GENE-100922-108]
ENSDARG00000076196	1.3886935517851212e-10	8.08824975097411e-8	-1.6775458308098241	12	46209859	46228023	-1	protein_coding	si:ch211-226h7.6	si:ch211-226h7.6 [Source:ZFIN;Acc:ZDB-GENE-130531-12]
ENSDARG00000079497	2.6900925780860815e-10	1.5276363227806336e-7	-0.5085050155168896	5	27866649	27867657	-1	protein_coding	tcima	transcriptional and immune response regulator a [Source:ZFIN;Acc:ZDB-GENE-050320-36]
ENSDARG00000101040	2.859594350369878e-10	1.58428501630858e-7	-2.0331427128516757	2	45191049	45193014	1	protein_coding	ccl20a.3	chemokine (C-C motif) ligand 20a, duplicate 3 [Source:ZFIN;Acc:ZDB-GENE-081022-193]
ENSDARG00000054160	3.0517055469807435e-10	1.6504640833254188e-7	-1.8013023577103893	10	40786196	40819136	-1	protein_coding	zgc:113625	zgc:113625 [Source:ZFIN;Acc:ZDB-GENE-050320-47]
ENSDARG00000052779	4.935914531757614e-10	2.60742554857847e-7	-1.6788222933942918	12	46120836	46145909	-1	protein_coding	zgc:153932	zgc:153932 [Source:ZFIN;Acc:ZDB-GENE-070209-223]
ENSDARG00000074526	1.208157401208195e-9	6.237112583737307e-7	0.5406284577533254	15	18253542	18361475	-1	protein_coding	zbtb16b	zinc finger and BTB domain containing 16b [Source:ZFIN;Acc:ZDB-GENE-100923-1]
ENSDARG00000088641	1.8572592840273647e-9	9.224576907256467e-7	-1.4511411523194524	19	40196462	40199098	-1	protein_coding	grn2	granulin 2 [Source:ZFIN;Acc:ZDB-GENE-050522-264]
ENSDARG00000102558	1.8680631201135703e-9	9.224576907256467e-7	0.5053666683932402	6	344423	346084	-1	protein_coding	pde6ha	phosphodiesterase 6H, cGMP-specific, cone, gamma, paralog a [Source:ZFIN;Acc:ZDB-GENE-040426-1754]
ENSDARG00000035178	1.9497008523706143e-9	9.42286273651032e-7	-0.8901875450736051	5	55543580	55560937	-1	protein_coding	gna14	guanine nucleotide binding protein (G protein), alpha 14 [Source:ZFIN;Acc:ZDB-GENE-040808-7]
ENSDARG00000069946	2.3051172906822488e-9	1.090848734538485e-6	0.5197625731527228	1	31019165	31064706	1	protein_coding	itga6b	integrin, alpha 6b [Source:ZFIN;Acc:ZDB-GENE-050320-5]
ENSDARG00000045768	2.658651018742464e-9	1.232474650831328e-6	0.2891972239228979	4	12013043	12026507	1	protein_coding	cry1a	cryptochrome circadian regulator 1a [Source:ZFIN;Acc:ZDB-GENE-010426-2]
ENSDARG00000056511	2.8166643208909532e-9	1.27961060098076e-6	0.3832728509279693	10	26800213	26811397	1	protein_coding	arr3a	arrestin 3a, retinal (X-arrestin) [Source:ZFIN;Acc:ZDB-GENE-040718-102]
ENSDARG00000038321	2.996673494601514e-9	1.334694871173988e-6	-1.9338331979660082	9	33080438	33081978	-1	protein_coding	zgc:172053	zgc:172053 [Source:ZFIN;Acc:ZDB-GENE-080219-25]
ENSDARG00000035859	3.836437137689209e-9	1.6758590304348152e-6	0.4745609888648301	2	24536762	24542518	1	protein_coding	angptl4	angiopoietin-like 4 [Source:ZFIN;Acc:ZDB-GENE-041111-222]
ENSDARG00000101849	4.470575317447273e-9	1.9160211006757513e-6	0.2527385193558007	4	8670662	8711031	1	protein_coding	adipor2	adiponectin receptor 2 [Source:ZFIN;Acc:ZDB-GENE-041210-60]
ENSDARG00000091260	4.556919498904852e-9	1.9168597484745133e-6	0.43618182007037065	2	394166	424925	1	protein_coding	mylk4a	myosin light chain kinase family, member 4a [Source:ZFIN;Acc:ZDB-GENE-120824-2]
ENSDARG00000019122	5.234640238158635e-9	2.161906418359516e-6	-5.686913477183847	22	14098028	14099399	1	protein_coding	he1.2	hatching enzyme 1, tandem dupliate 2 [Source:ZFIN;Acc:ZDB-GENE-030131-2100]
ENSDARG00000103435	5.454817782707586e-9	2.2126104631107645e-6	0.24606189539427978	13	23132666	23226460	1	protein_coding	sorbs1	sorbin and SH3 domain containing 1 [Source:ZFIN;Acc:ZDB-GENE-090313-168]
ENSDARG00000006588	7.836934191224057e-9	3.1230870202395516e-6	-0.904126591484335	1	45173421	45177401	-1	protein_coding	zgc:111983	zgc:111983 [Source:ZFIN;Acc:ZDB-GENE-050417-335]
ENSDARG00000091131	1.161271331223072e-8	4.547979015298634e-6	0.4278666278799092	22	786556	809282	1	protein_coding	cry3b	cryptochrome circadian regulator 3b [Source:ZFIN;Acc:ZDB-GENE-010426-5]
ENSDARG00000103720	1.3808286099800971e-8	5.316190148423374e-6	-0.4859875315144958	15	13984879	13986761	1	protein_coding	NA	zgc:162730 [Source:ZFIN;Acc:ZDB-GENE-030131-6366]
ENSDARG00000117407	1.5539144819718547e-8	5.882861242998447e-6	0.49552346658251345	5	13603536	13616296	1	lincRNA	AL954191.2	uncharacterized LOC101885516 [Source:NCBI gene;Acc:101885516]
ENSDARG00000028507	1.704289095143276e-8	6.346381441996641e-6	0.4910030147512802	8	13106760	13159587	1	protein_coding	itgb4	integrin, beta 4 [Source:ZFIN;Acc:ZDB-GENE-030131-7209]
ENSDARG00000094460	1.768361961063309e-8	6.476327320466584e-6	0.41699462302155405	23	40477220	40480582	1	processed_transcript	CR354556.3	NA
ENSDARG00000036820	1.7962078854915026e-8	6.476327320466584e-6	-0.35967731890322835	8	26292560	26326501	1	protein_coding	mgll	monoglyceride lipase [Source:ZFIN;Acc:ZDB-GENE-031006-9]
ENSDARG00000100185	1.835938742849359e-8	6.506952461095038e-6	-0.8420144761042253	KN150589.1	3626	5397	-1	protein_coding	elovl7b	ELOVL fatty acid elongase 7b [Source:ZFIN;Acc:ZDB-GENE-030131-5485]
ENSDARG00000105693	1.861993880568688e-8	6.506952461095038e-6	0.2881016749110165	7	51219008	51249535	-1	transcribed_unprocessed_pseudogene	CR354588.1	insulin receptor substrate 2-B-like [Source:NCBI gene;Acc:794462]
ENSDARG00000042874	2.506991592122019e-8	8.62822939621995e-6	-0.4871442523551103	25	23524796	23526086	-1	protein_coding	phlda2	pleckstrin homology-like domain, family A, member 2 [Source:NCBI gene;Acc:553622]
ENSDARG00000098256	2.5481765993136298e-8	8.639079321404344e-6	-0.7408481084468155	12	43730276	43819253	-1	protein_coding	si:ch73-329n5.6	si:ch73-329n5.6 [Source:ZFIN;Acc:ZDB-GENE-131121-171]
ENSDARG00000075048	3.977935038586896e-8	1.3288058000220785e-5	0.3121960860429354	14	34068075	34092744	1	protein_coding	lonrf1	LON peptidase N-terminal domain and ring finger 1 [Source:ZFIN;Acc:ZDB-GENE-101021-4]
ENSDARG00000105341	4.689116507093522e-8	1.543670745777237e-5	0.7074096624782137	23	3538463	3641439	1	protein_coding	si:dkey-9l20.3	si:dkey-9l20.3 [Source:ZFIN;Acc:ZDB-GENE-090313-369]
ENSDARG00000092778	5.194011751769198e-8	1.6854568134491046e-5	-2.7581814029684573	3	5083407	5113772	1	protein_coding	si:ch73-338o16.4	si:ch73-338o16.4 [Source:ZFIN;Acc:ZDB-GENE-131119-14]
ENSDARG00000104225	5.704358137033619e-8	1.8249928884889953e-5	0.32391118986615014	3	48584684	48612078	-1	protein_coding	ndel1b	nudE neurodevelopment protein 1-like 1b [Source:NCBI gene;Acc:333957]
ENSDARG00000069566	7.254654726801615e-8	2.2887428072124815e-5	-0.8916897103668505	1	45149844	45157243	-1	protein_coding	mucms1	mucin, multiple PTS and SEA group, member 1 [Source:ZFIN;Acc:ZDB-GENE-061009-17]
ENSDARG00000098108	7.938570335512792e-8	2.47020034481059e-5	-0.35022260006142397	8	40628926	40633991	1	protein_coding	dusp2	dual specificity phosphatase 2 [Source:ZFIN;Acc:ZDB-GENE-040801-188]
ENSDARG00000074378	8.801968783627069e-8	2.701847580001201e-5	-0.48681654805314756	1	51732979	51734535	-1	protein_coding	junba	JunB proto-oncogene, AP-1 transcription factor subunit a [Source:ZFIN;Acc:ZDB-GENE-040426-2172]
ENSDARG00000004748	9.107636323908664e-8	2.7583994546344707e-5	-0.6346575295198447	3	39472342	39488639	-1	protein_coding	zgc:100868	zgc:100868 [Source:ZFIN;Acc:ZDB-GENE-040801-33]
ENSDARG00000041947	9.770857713119805e-8	2.920329380967321e-5	-0.6533104025786076	16	31965340	31976269	-1	protein_coding	styk1b	serine/threonine/tyrosine kinase 1b [Source:ZFIN;Acc:ZDB-GENE-030131-3435]
ENSDARG00000102798	1.3155404710440525e-7	3.880844389579955e-5	-0.3364787799407586	22	5632029	5655680	-1	protein_coding	mcm2	minichromosome maintenance complex component 2 [Source:ZFIN;Acc:ZDB-GENE-020419-24]
ENSDARG00000041051	1.8758216057059429e-7	5.462729201744935e-5	-0.4473618199648246	9	30263188	30264415	-1	protein_coding	mid1ip1a	MID1 interacting protein 1a [Source:NCBI gene;Acc:30600]
ENSDARG00000088234	1.9486468376925593e-7	5.534323466988818e-5	-1.555584573159671	1	52433847	52437056	-1	protein_coding	si:ch211-217k17.12	si:ch211-217k17.12 [Source:ZFIN;Acc:ZDB-GENE-061207-20]
ENSDARG00000074635	1.9491343929522581e-7	5.534323466988818e-5	0.3040414993977956	1	52560549	52628407	1	protein_coding	abca1a	ATP-binding cassette, sub-family A (ABC1), member 1A [Source:ZFIN;Acc:ZDB-GENE-031006-12]
ENSDARG00000040649	2.0693015551829967e-7	5.8029857809854036e-5	0.4594452789031625	25	314608	348784	-1	protein_coding	prickle1a	prickle homolog 1a [Source:ZFIN;Acc:ZDB-GENE-030724-5]
ENSDARG00000041294	2.1950000119140192e-7	6.0804177159301154e-5	-0.7226770029169781	3	62161184	62169060	1	protein_coding	noxo1a	NADPH oxidase organizer 1a [Source:ZFIN;Acc:ZDB-GENE-030131-9700]
ENSDARG00000102175	2.387088292766219e-7	6.532856695202971e-5	-0.9762935915649252	16	50289916	50292583	1	protein_coding	hamp	hepcidin antimicrobial peptide [Source:NCBI gene;Acc:402837]
ENSDARG00000104823	4.898963405943348e-7	1.3247613543571803e-4	-0.4252266141710699	6	23887314	23889678	1	protein_coding	znf648	zinc finger protein 648 [Source:ZFIN;Acc:ZDB-GENE-120215-149]
ENSDARG00000007769	5.392929275305857e-7	1.44118104104203e-4	-1.0205939390845835	7	56602521	56606752	-1	protein_coding	sult5a1	sulfotransferase family 5A, member 1 [Source:ZFIN;Acc:ZDB-GENE-060929-978]
ENSDARG00000055644	5.534698469606057e-7	1.4618683225244372e-4	-0.7014459608840141	6	39098397	39105480	1	protein_coding	prss60.2	serine protease 60.2 [Source:ZFIN;Acc:ZDB-GENE-050320-109]
ENSDARG00000061682	6.135110916732046e-7	1.601828097397338e-4	0.4682694231011785	17	20983798	21049260	-1	protein_coding	bicc1a	BicC family RNA binding protein 1a [Source:ZFIN;Acc:ZDB-GENE-101223-3]
ENSDARG00000076914	6.266335902733687e-7	1.617497954893133e-4	-1.0930101938952803	9	18572970	18587754	1	protein_coding	lacc1	laccase (multicopper oxidoreductase) domain containing 1 [Source:ZFIN;Acc:ZDB-GENE-081104-155]
ENSDARG00000077982	7.209337289500772e-7	1.84000108461809e-4	-0.5271999691306511	22	661505	665371	1	protein_coding	elf3	E74-like factor 3 (ets domain transcription factor, epithelial-specific ) [Source:ZFIN;Acc:ZDB-GENE-030131-8760]
ENSDARG00000052115	8.776965453916997e-7	2.2152085587302732e-4	-1.2419379555401593	25	10410620	10436906	1	protein_coding	ehf	ets homologous factor [Source:ZFIN;Acc:ZDB-GENE-060312-7]
ENSDARG00000035309	9.531102829591192e-7	2.3590529485655712e-4	0.34086284227728686	16	8258203	8280885	-1	protein_coding	entpd3	ectonucleoside triphosphate diphosphohydrolase 3 [Source:ZFIN;Acc:ZDB-GENE-030131-6186]
ENSDARG00000029766	9.554605822937819e-7	2.3590529485655712e-4	0.5833478162594209	9	9502610	9562644	1	protein_coding	nr1i2	nuclear receptor subfamily 1, group I, member 2 [Source:ZFIN;Acc:ZDB-GENE-030903-3]
ENSDARG00000088439	1.0270186684666642e-6	2.508465489701105e-4	-0.38534098938115335	14	26224541	26227970	1	protein_coding	gm2a	GM2 ganglioside activator [Source:ZFIN;Acc:ZDB-GENE-050417-373]
ENSDARG00000033832	1.0457011443493584e-6	2.5268285616248873e-4	-0.25280000098229916	8	11080571	11112058	-1	protein_coding	ampd1	adenosine monophosphate deaminase 1 (isoform M) [Source:ZFIN;Acc:ZDB-GENE-040426-1906]
ENSDARG00000099411	1.0567850026606395e-6	2.5268285616248873e-4	-0.5289733131020523	5	9823754	9824908	-1	protein_coding	zgc:158343	zgc:158343 [Source:NCBI gene;Acc:568780]
ENSDARG00000020573	1.2235768215544584e-6	2.895161198084325e-4	0.14038003752063147	9	33334501	33354738	1	protein_coding	ddx3xa	DEAD-box helicase 3 X-linked a [Source:ZFIN;Acc:ZDB-GENE-030131-1565]
ENSDARG00000090526	1.428663674822318e-6	3.3455768426380363e-4	-0.8249985963884124	12	30540911	30549022	-1	protein_coding	zgc:158404	zgc:158404 [Source:ZFIN;Acc:ZDB-GENE-070112-592]
ENSDARG00000090969	1.6088690497160465e-6	3.729128618806122e-4	0.5737657595825072	15	556956	568645	-1	protein_coding	cbln18	cerebellin 18 [Source:ZFIN;Acc:ZDB-GENE-111109-3]
ENSDARG00000040705	1.6298741758656919e-6	3.7396557479585043e-4	0.26437734402673124	9	41273231	41351426	-1	protein_coding	glsb	glutaminase b [Source:ZFIN;Acc:ZDB-GENE-030616-550]
ENSDARG00000068374	1.6809529356306433e-6	3.8182845932850065e-4	-0.4242540986823919	18	40668615	40684792	-1	protein_coding	si:ch211-132b12.7	si:ch211-132b12.7 [Source:ZFIN;Acc:ZDB-GENE-050419-250]
ENSDARG00000039677	1.7234127925563703e-6	3.8759724339522725e-4	0.4946093905137454	20	7262434	7293837	-1	protein_coding	dsc2l	desmocollin 2 like [Source:ZFIN;Acc:ZDB-GENE-031116-55]
ENSDARG00000096874	1.768230889867342e-6	3.937780849346733e-4	-0.40129264107040796	7	66565572	66576522	1	protein_coding	tmem176l.3b	transmembrane protein 176l.3b [Source:ZFIN;Acc:ZDB-GENE-080829-14]
ENSDARG00000041691	1.8526896006643604e-6	4.085810124183587e-4	-0.3801800631355244	18	16125852	16130165	1	protein_coding	bhlhe41	basic helix-loop-helix family, member e41 [Source:ZFIN;Acc:ZDB-GENE-050419-146]
ENSDARG00000117613	1.9060319778932042e-6	4.1630304209465516e-4	-0.7688378286549741	23	5132439	5141915	1	lincRNA	CABZ01030033.1	NA
ENSDARG00000017780	1.9609390056872356e-6	4.24216471563672e-4	0.2881630249967304	2	49417900	49454451	1	protein_coding	rorcb	RAR-related orphan receptor C b [Source:ZFIN;Acc:ZDB-GENE-040724-215]
ENSDARG00000102430	2.0177010059422436e-6	4.2911278391306087e-4	-0.497735890836803	11	44858979	44876005	-1	protein_coding	opn6a	opsin 6, group member a [Source:ZFIN;Acc:ZDB-GENE-061201-30]
ENSDARG00000029075	2.0280793185789803e-6	4.2911278391306087e-4	0.3858550042816104	6	39993605	40029423	-1	protein_coding	pfkfb4b	6-phosphofructo-2-kinase/fructose-2,6-biphosphatase 4b [Source:ZFIN;Acc:ZDB-GENE-031031-4]
ENSDARG00000053091	2.0402456818230496e-6	4.2911278391306087e-4	0.261271539228305	5	43860564	43959972	-1	protein_coding	DAB2	si:ch211-204c21.1 [Source:ZFIN;Acc:ZDB-GENE-030429-35]
ENSDARG00000036848	2.1394034056813022e-6	4.4583989321147506e-4	0.4550292534766429	15	28368644	28405742	1	protein_coding	slc43a2a	solute carrier family 43 member 2a [Source:ZFIN;Acc:ZDB-GENE-040426-964]
ENSDARG00000075016	2.1764142688376822e-6	4.494295465149814e-4	-1.0301824665928547	20	53439665	53470252	1	protein_coding	apobb.2	apolipoprotein Bb, tandem duplicate 2 [Source:ZFIN;Acc:ZDB-GENE-070705-554]
ENSDARG00000021443	2.2241071215508716e-6	4.5514047987412653e-4	-0.2203607292736677	20	9575374	9580446	-1	protein_coding	zfp36l1b	zinc finger protein 36, C3H type-like 1b [Source:ZFIN;Acc:ZDB-GENE-030131-2391]
ENSDARG00000088741	2.7953011124484658e-6	5.625760666256467e-4	0.26965217388001766	16	14093781	14167673	-1	lincRNA	BX322530.1	NA
ENSDARG00000087911	2.7986394685757463e-6	5.625760666256467e-4	0.4189460805943588	13	35689749	35744963	1	protein_coding	psme4a	proteasome activator subunit 4a [Source:NCBI gene;Acc:793897]
ENSDARG00000055080	2.9456611845844818e-6	5.869359105950571e-4	-0.2564733510799139	7	22796083	22801248	1	protein_coding	rbm4.2	RNA binding motif protein 4.2 [Source:ZFIN;Acc:ZDB-GENE-030131-3019]
ENSDARG00000062315	3.0974056541304254e-6	6.06930825143414e-4	0.20717724082168618	15	21779681	21837515	-1	protein_coding	sik2b	salt-inducible kinase 2b [Source:ZFIN;Acc:ZDB-GENE-071012-1]
ENSDARG00000028096	3.099448633794234e-6	6.06930825143414e-4	-0.4085872332975694	10	15046837	15048781	-1	protein_coding	cldn23a	claudin 23a [Source:ZFIN;Acc:ZDB-GENE-091204-28]
ENSDARG00000057408	3.248955362721752e-6	6.307694108053384e-4	0.6158531531991699	15	45668851	45674213	-1	protein_coding	CABZ01067232.1	otolin-1-like [Source:NCBI gene;Acc:101886389]
ENSDARG00000078093	3.3956631768156023e-6	6.536651615370034e-4	-1.6946376054735983	7	2236317	2242989	1	protein_coding	zgc:172065	zgc:172065 [Source:ZFIN;Acc:ZDB-GENE-080214-2]
ENSDARG00000103846	3.6626504923032514e-6	6.991353439720029e-4	-0.3449091867975585	5	2713779	2721686	-1	protein_coding	hspa5	heat shock protein 5 [Source:NCBI gene;Acc:378848]
ENSDARG00000100020	3.7387413615576936e-6	7.077125835648584e-4	-0.24804004241697036	8	10304981	10308771	1	protein_coding	pim1	Pim-1 proto-oncogene, serine/threonine kinase [Source:ZFIN;Acc:ZDB-GENE-061013-139]
ENSDARG00000094511	3.9071828429573165e-6	7.30903556606491e-4	-1.2910385449384507	24	26006730	26009612	1	protein_coding	ccl20b	chemokine (C-C motif) ligand 20b [Source:ZFIN;Acc:ZDB-GENE-091204-95]
ENSDARG00000069381	3.925610121329162e-6	7.30903556606491e-4	-1.9399491162427602	9	33061564	33063083	-1	protein_coding	si:ch211-125e6.5	si:ch211-125e6.5 [Source:ZFIN;Acc:ZDB-GENE-070912-39]
ENSDARG00000105643	3.997011121509531e-6	7.381472164641383e-4	0.5551322928722094	7	28648706	28658143	-1	protein_coding	adgrg1	adhesion G protein-coupled receptor G1 [Source:ZFIN;Acc:ZDB-GENE-030131-3671]
ENSDARG00000088589	4.173670194189374e-6	7.645557940404164e-4	0.9898803592365639	7	22675475	22677211	1	protein_coding	ponzr3	plac8 onzin related protein 3 [Source:ZFIN;Acc:ZDB-GENE-050506-38]
ENSDARG00000099954	4.345447604390373e-6	7.896547386698187e-4	0.27410661659776464	12	4920451	4963153	1	protein_coding	plekhm1	pleckstrin homology domain containing, family M (with RUN domain) member 1 [Source:ZFIN;Acc:ZDB-GENE-030131-2752]
ENSDARG00000090833	5.193633594505396e-6	9.362967230094449e-4	0.5442060268193019	23	36601984	36605837	1	protein_coding	igfbp6b	insulin-like growth factor binding protein 6b [Source:ZFIN;Acc:ZDB-GENE-090521-2]
ENSDARG00000038643	5.527862342576985e-6	9.887038827687891e-4	0.5728704436905353	8	21353878	21369028	1	protein_coding	alas2	aminolevulinate, delta-, synthase 2 [Source:NCBI gene;Acc:64607]
ENSDARG00000117266	5.62426730937401e-6	9.980877494721145e-4	-1.044633739823566	12	46071521	46083500	-1	lincRNA	FO904966.1	NA
ENSDARG00000096031	6.038705511812107e-6	0.0010585648371861968	0.4618651174771667	1	49245229	49250490	-1	protein_coding	si:ch73-6k14.2	si:ch73-6k14.2 [Source:ZFIN;Acc:ZDB-GENE-110914-243]
ENSDARG00000020298	6.058262330363442e-6	0.0010585648371861968	-0.42604468226236053	22	336256	339623	1	protein_coding	btg2	B-cell translocation gene 2 [Source:ZFIN;Acc:ZDB-GENE-000210-15]
ENSDARG00000098375	6.4132682812299225e-6	0.0011120411374667	0.2292503551159984	14	16151368	16212896	1	protein_coding	polr1a	RNA polymerase I subunit A [Source:ZFIN;Acc:ZDB-GENE-030131-5286]
ENSDARG00000017251	6.863019492459489e-6	0.0011760946259384611	2.0999234881501954	10	39314578	39321367	-1	protein_coding	smtlb	somatolactin beta [Source:ZFIN;Acc:ZDB-GENE-060123-1]
ENSDARG00000034852	6.88622431212042e-6	0.0011760946259384611	0.43280765281769784	10	17460358	17484764	-1	protein_coding	nt5c2l1	5'-nucleotidase, cytosolic II, like 1 [Source:ZFIN;Acc:ZDB-GENE-031006-8]
ENSDARG00000092044	6.961531052104562e-6	0.0011800834167802622	-0.8329464546140735	21	30651064	30658520	-1	protein_coding	si:dkey-22f5.9	si:dkey-22f5.9 [Source:ZFIN;Acc:ZDB-GENE-091204-260]
ENSDARG00000030616	7.261359807605764e-6	0.0012217910224427034	0.3087104160134525	3	24072720	24093144	-1	protein_coding	nfe2l1a	nuclear factor, erythroid 2-like 1a [Source:ZFIN;Acc:ZDB-GENE-040630-5]
ENSDARG00000100515	7.599307431205491e-6	0.0012692519727928878	-0.4668383960923955	14	15760253	15763648	-1	protein_coding	dusp1	dual specificity phosphatase 1 [Source:ZFIN;Acc:ZDB-GENE-040426-2018]
ENSDARG00000105590	9.218897207070398e-6	0.0015214002139629873	0.4384974958141042	7	2021025	2047639	-1	protein_coding	si:cabz01007794.1	si:cabz01007794.1 [Source:ZFIN;Acc:ZDB-GENE-160728-147]
ENSDARG00000109240	9.242933283156163e-6	0.0015214002139629873	-1.967659700993125	KN150297.1	87	5872	-1	protein_coding	CABZ01067080.1	interferon-induced very large GTPase 1-like [Source:NCBI gene;Acc:101883914]
ENSDARG00000054848	1.008263105720737e-5	0.001647676003341478	0.4407488728186635	19	41190258	41213718	-1	protein_coding	pdk4	pyruvate dehydrogenase kinase, isozyme 4 [Source:ZFIN;Acc:ZDB-GENE-060503-754]
ENSDARG00000057652	1.0549207186961367e-5	0.0017116088660844818	-0.3084108968270814	16	13599693	13613475	-1	protein_coding	dbpb	D site albumin promoter binding protein b [Source:ZFIN;Acc:ZDB-GENE-100922-6]
ENSDARG00000005332	1.0852821267611909e-5	0.0017483818091759186	-0.6230906374655244	24	24086249	24101132	1	protein_coding	lipib	lipase, member Ib [Source:ZFIN;Acc:ZDB-GENE-091118-47]
ENSDARG00000105731	1.1537916123014819e-5	0.0018456603150301522	-0.7315323798141071	4	72463842	72476526	-1	protein_coding	CR788316.1	verrucotoxin subunit beta-like [Source:NCBI gene;Acc:103908715]
ENSDARG00000103428	1.1762129607775145e-5	0.0018683690492350517	0.24856408564260962	10	45148005	45205893	1	protein_coding	ogdhb	oxoglutarate (alpha-ketoglutarate) dehydrogenase b (lipoamide) [Source:ZFIN;Acc:ZDB-GENE-090311-8]
ENSDARG00000093750	1.2003408779028293e-5	0.0018934543778863031	-1.0569176797225628	5	54938634	54941004	1	protein_coding	cd180	CD180 molecule [Source:ZFIN;Acc:ZDB-GENE-070705-323]
ENSDARG00000093082	1.2385699514940353e-5	0.0019402838929784146	-2.3269012477184283	1	56595955	56596701	-1	protein_coding	LO018605.1	NA
ENSDARG00000074508	1.299861722643632e-5	0.002022353358208911	-0.24610757661816546	11	11595973	11625630	-1	protein_coding	si:dkey-28e7.3	si:dkey-28e7.3 [Source:ZFIN;Acc:ZDB-GENE-141215-28]
ENSDARG00000094965	1.3301415755246675e-5	0.002055385434560736	0.23339080462547887	6	8172227	8180042	1	protein_coding	nfil3-5	nuclear factor, interleukin 3 regulated, member 5 [Source:ZFIN;Acc:ZDB-GENE-030131-7677]
ENSDARG00000030472	1.3542638425959071e-5	0.002078520485443651	0.7284238264214117	12	26566422	26587231	-1	protein_coding	slc16a5a	solute carrier family 16 member 5a [Source:ZFIN;Acc:ZDB-GENE-121108-4]
ENSDARG00000054849	1.3700112079542398e-5	0.002088577489173192	-0.34495112867110855	3	29949984	29968055	-1	protein_coding	bcat2	branched chain amino-acid transaminase 2, mitochondrial [Source:ZFIN;Acc:ZDB-GENE-040718-425]
ENSDARG00000016391	1.4328142864612067e-5	0.0021697584344644205	0.293208512824213	11	2111582	2131280	-1	protein_coding	calcoco1b	calcium binding and coiled-coil domain 1b [Source:ZFIN;Acc:ZDB-GENE-031118-126]
ENSDARG00000040076	1.5734206104090692e-5	0.0023669039182411923	-0.40962010322065023	16	41984032	41990421	-1	protein_coding	pycard	PYD and CARD domain containing [Source:NCBI gene;Acc:57923]
ENSDARG00000091757	1.7312190728531824e-5	0.002587147449990792	-0.3947395613445855	20	35568552	35578435	-1	protein_coding	adgrf6	adhesion G protein-coupled receptor F6 [Source:ZFIN;Acc:ZDB-GENE-041001-212]
ENSDARG00000010602	1.8715170937555915e-5	0.002778530116644331	-0.5805545241341739	5	11407504	11414648	1	protein_coding	zgc:112294	zgc:112294 [Source:NCBI gene;Acc:553704]
ENSDARG00000052170	1.9482153389330616e-5	0.002873617624926266	-0.4104526940257014	6	35033457	35052388	-1	protein_coding	uap1	UDP-N-acetylglucosamine pyrophosphorylase 1 [Source:ZFIN;Acc:ZDB-GENE-030131-1233]
ENSDARG00000076945	1.9723095970908962e-5	0.002890387903091594	0.5322303127050471	20	7327627	7350653	1	processed_transcript	dsg2.1	desmoglein 2, tandem duplicate 1 [Source:ZFIN;Acc:ZDB-GENE-030131-7531]
ENSDARG00000020239	2.1488728435453678e-5	0.003128951707764938	0.2502708521293255	17	30442518	30470271	1	protein_coding	lpin1	lipin 1 [Source:ZFIN;Acc:ZDB-GENE-080722-2]
ENSDARG00000069006	2.170630912794406e-5	0.0031405019862499957	-0.19277791333022404	7	33644434	33684632	-1	protein_coding	tle3b	TLE family member 3, transcriptional corepressor b [Source:NCBI gene;Acc:100007463]
ENSDARG00000079059	2.321418661743745e-5	0.003337406639336023	0.7356081352395495	2	31781843	31800521	-1	protein_coding	retreg1	reticulophagy regulator 1 [Source:ZFIN;Acc:ZDB-GENE-130221-1]
ENSDARG00000078567	2.7425931988109804e-5	0.003918113491257322	0.2735641224432736	8	13700605	13788311	1	protein_coding	lonrf1l	LON peptidase N-terminal domain and ring finger 1, like [Source:ZFIN;Acc:ZDB-GENE-081104-397]
ENSDARG00000114704	3.0936739902186554e-5	0.004392050292988547	-0.3615705693057458	22	898131	910926	-1	protein_coding	KCTD20	potassium channel tetramerization domain containing 20 [Source:NCBI gene;Acc:570693]
ENSDARG00000075812	3.216905060404994e-5	0.004538633443919219	0.9638288741244967	2	12019341	12079718	-1	protein_coding	kcnt2	potassium channel, subfamily T, member 2 [Source:ZFIN;Acc:ZDB-GENE-130530-783]
ENSDARG00000037872	3.2748025689408865e-5	0.004586786157181353	0.2770613788954426	3	40901743	40933415	-1	protein_coding	foxk1	forkhead box K1 [Source:ZFIN;Acc:ZDB-GENE-030131-6402]
ENSDARG00000063475	3.2914203989458975e-5	0.004586786157181353	0.3479007571446197	15	5028608	5074983	1	protein_coding	abcg1	ATP-binding cassette, sub-family G (WHITE), member 1 [Source:ZFIN;Acc:ZDB-GENE-070424-84]
ENSDARG00000043492	3.321371852792513e-5	0.0046003025387915805	-1.315084202727335	13	311380	318827	1	protein_coding	irf1a	interferon regulatory factor 1a [Source:ZFIN;Acc:ZDB-GENE-060421-4031]
ENSDARG00000002710	3.454604642384994e-5	0.004755839057683341	0.15170204020540357	22	36673312	36690751	-1	protein_coding	ncl	nucleolin [Source:ZFIN;Acc:ZDB-GENE-030131-6986]
ENSDARG00000088539	3.685711050969142e-5	0.0050434293086002455	-0.7042179435834479	10	22123831	22127942	-1	protein_coding	ponzr2	plac8 onzin related protein 2 [Source:ZFIN;Acc:ZDB-GENE-050411-41]
ENSDARG00000058302	3.9843133949853824e-5	0.005419381962101375	-0.23012028829899414	14	9405099	9420911	-1	protein_coding	sh3bgrl	SH3 domain binding glutamate-rich protein like [Source:ZFIN;Acc:ZDB-GENE-040426-1376]
ENSDARG00000037409	4.078576836359175e-5	0.005485593630843887	-0.43509947311427727	1	21313165	21321482	-1	protein_coding	tmem144a	transmembrane protein 144a [Source:ZFIN;Acc:ZDB-GENE-040822-12]
ENSDARG00000067567	4.081291321208967e-5	0.005485593630843887	0.7969860746196954	25	1695547	1720736	-1	protein_coding	SLC6A13	solute carrier family 6 member 13 [Source:NCBI gene;Acc:100332592]
ENSDARG00000018491	4.297765202299173e-5	0.0057425727394250425	-0.3913988388917635	24	17334678	17341458	1	protein_coding	pdia4	protein disulfide isomerase family A, member 4 [Source:ZFIN;Acc:ZDB-GENE-030131-5493]
ENSDARG00000103979	4.34319300869308e-5	0.00576933504049493	-0.26874237588491784	22	4762478	4769140	-1	protein_coding	calr3a	calreticulin 3a [Source:ZFIN;Acc:ZDB-GENE-000208-17]
ENSDARG00000040004	4.421492033915935e-5	0.005839197183162818	-0.926036884462603	19	22930177	22997652	1	protein_coding	PKHD1L1	si:ch211-244a23.1 [Source:ZFIN;Acc:ZDB-GENE-060503-789]
ENSDARG00000013950	4.5974675392611945e-5	0.006036501454006822	-0.5866165164898905	18	14688643	14691727	-1	protein_coding	pdf	peptide deformylase, mitochondrial [Source:ZFIN;Acc:ZDB-GENE-050913-42]
ENSDARG00000099717	4.810136860359949e-5	0.006279440159946911	-0.9780969797181905	21	2091895	2101392	1	protein_coding	si:rp71-1h20.9	si:rp71-1h20.9 [Source:ZFIN;Acc:ZDB-GENE-131127-386]
ENSDARG00000103658	4.988166564826494e-5	0.00647464020114479	0.23623142762542346	19	3383025	3488860	-1	protein_coding	hivep1	HIVEP zinc finger 1 [Source:ZFIN;Acc:ZDB-GENE-070912-512]
ENSDARG00000055854	5.057275105677763e-5	0.006527045683265363	0.4606999175583236	16	27345383	27369782	1	protein_coding	nr4a3	nuclear receptor subfamily 4, group A, member 3 [Source:ZFIN;Acc:ZDB-GENE-070824-4]
ENSDARG00000015506	5.133237915616373e-5	0.0065661515742142604	0.29071998481698746	1	34593490	34685007	-1	protein_coding	pibf1	progesterone immunomodulatory binding factor 1 [Source:ZFIN;Acc:ZDB-GENE-040801-94]
ENSDARG00000045143	5.145388422672852e-5	0.0065661515742142604	0.3709373466386281	12	20349865	20350629	-1	protein_coding	hbbe2	hemoglobin beta embryonic-2 [Source:ZFIN;Acc:ZDB-GENE-040702-1]
ENSDARG00000099923	5.26544022688818e-5	0.006681814232053911	-0.335682689991147	14	48862987	48921546	1	protein_coding	zgc:154054	zgc:154054 [Source:ZFIN;Acc:ZDB-GENE-061103-283]
ENSDARG00000074390	5.371883165104766e-5	0.0067790181164085975	-0.48429684584399996	16	46649469	46664465	-1	protein_coding	tmem176l.4	transmembrane protein 176l.4 [Source:ZFIN;Acc:ZDB-GENE-030131-3532]
ENSDARG00000091860	5.4958497744164954e-5	0.00689713964783816	-0.9706502669102427	8	42712747	42724810	1	protein_coding	zgc:194007	zgc:194007 [Source:ZFIN;Acc:ZDB-GENE-081022-49]
ENSDARG00000044356	5.6714356180997924e-5	0.007078387915666856	0.3275316467446981	6	28795780	28914225	1	protein_coding	tp63	tumor protein p63 [Source:ZFIN;Acc:ZDB-GENE-030819-1]
ENSDARG00000020581	5.89660905692342e-5	0.0072894998383965254	0.29754504584801394	17	50313650	50374005	-1	protein_coding	otofb	otoferlin b [Source:ZFIN;Acc:ZDB-GENE-110406-5]
ENSDARG00000020594	5.9047676436934216e-5	0.0072894998383965254	0.22383330879758254	20	36845787	36887516	-1	protein_coding	txlnba	taxilin beta a [Source:ZFIN;Acc:ZDB-GENE-030131-322]
ENSDARG00000099448	6.01336448413222e-5	0.007366724782052175	-0.39697859677113473	16	35905031	35938157	1	protein_coding	sh3d21	SH3 domain containing 21 [Source:ZFIN;Acc:ZDB-GENE-051120-57]
ENSDARG00000111833	6.04804311161862e-5	0.007366724782052175	-1.7874725063986125	3	4726621	4731396	1	protein_coding	CABZ01046996.1	NA
ENSDARG00000013794	6.064616043335931e-5	0.007366724782052175	0.41490864102885433	17	32365941	32370047	-1	protein_coding	klf11b	Kruppel-like factor 11b [Source:ZFIN;Acc:ZDB-GENE-061103-82]
ENSDARG00000026925	6.239620845452829e-5	0.0075304772689473625	-1.324745514370888	5	43782267	43796971	1	protein_coding	nos2a	nitric oxide synthase 2a, inducible [Source:ZFIN;Acc:ZDB-GENE-040305-1]
ENSDARG00000051861	6.265728390187328e-5	0.0075304772689473625	0.32266145788922396	25	22151271	22191983	-1	protein_coding	pkp3a	plakophilin 3a [Source:ZFIN;Acc:ZDB-GENE-060512-114]
ENSDARG00000063297	6.466411818319361e-5	0.007730765497532857	0.5363569289616953	1	6135176	6158609	1	protein_coding	abcb6a	ATP-binding cassette, sub-family B (MDR/TAP), member 6a [Source:ZFIN;Acc:ZDB-GENE-050517-9]
ENSDARG00000063509	6.900477236270178e-5	0.008206509969731785	0.3212132747493398	9	9719225	9732212	-1	protein_coding	lrrc58b	leucine rich repeat containing 58b [Source:ZFIN;Acc:ZDB-GENE-050309-29]
ENSDARG00000009242	8.05523733152703e-5	0.0095299331242519	-0.6329350702141489	9	11548233	11551608	-1	protein_coding	fev	FEV transcription factor, ETS family member [Source:NCBI gene;Acc:791175]
ENSDARG00000092719	8.229335181234426e-5	0.009685458478846632	-0.6610224474547782	12	46264190	46282243	-1	unprocessed_pseudogene	AL954655.2	NA
ENSDARG00000018149	8.448821535085163e-5	0.009892524802549459	0.20622845051770503	4	1516716	1566572	1	protein_coding	slc38a4	solute carrier family 38 member 4 [Source:ZFIN;Acc:ZDB-GENE-041010-14]
ENSDARG00000103333	8.606332810026873e-5	0.010025274347680023	0.4379916103989956	12	35654749	35689239	1	protein_coding	baiap2b	BAR/IMD domain containing adaptor protein 2b [Source:ZFIN;Acc:ZDB-GENE-100812-7]
ENSDARG00000062080	8.941911003140122e-5	0.010363036144710605	0.5450564185359009	22	21317597	21351469	1	protein_coding	shc2	SHC (Src homology 2 domain containing) transforming protein 2 [Source:ZFIN;Acc:ZDB-GENE-050208-666]
ENSDARG00000011407	9.014240061254772e-5	0.01038981614948368	0.2105266232185271	11	32007	55224	-1	protein_coding	col2a1b	collagen, type II, alpha 1b [Source:ZFIN;Acc:ZDB-GENE-050302-9]
ENSDARG00000026329	9.05649833853299e-5	0.01038981614948368	0.3149739423906359	24	28448387	28557301	1	protein_coding	arhgap29a	Rho GTPase activating protein 29a [Source:ZFIN;Acc:ZDB-GENE-030131-9510]
ENSDARG00000104713	9.205090222261478e-5	0.010507217306465802	0.42971114239384317	12	48634927	48656276	1	protein_coding	zgc:165653	zgc:165653 [Source:ZFIN;Acc:ZDB-GENE-070620-24]
ENSDARG00000060609	9.340843872035927e-5	0.010608863427664804	0.42435670073263504	20	49119633	49175503	1	protein_coding	cd109	CD109 molecule [Source:ZFIN;Acc:ZDB-GENE-120215-253]
ENSDARG00000012435	9.612039232834183e-5	0.01086256075491684	-1.2642172940284926	4	17807837	17812131	-1	protein_coding	spic	Spi-C transcription factor (Spi-1/PU.1 related) [Source:ZFIN;Acc:ZDB-GENE-040912-47]
ENSDARG00000038891	9.780282308922535e-5	0.010997975873622544	0.5117043806121163	23	37444933	37453984	1	protein_coding	AL954146.1	trypsin I-P1-like [Source:NCBI gene;Acc:560023]
ENSDARG00000024204	9.984333541900123e-5	0.011172124946022726	-0.35994518167182266	20	34770197	34783743	1	protein_coding	mcm3	minichromosome maintenance complex component 3 [Source:ZFIN;Acc:ZDB-GENE-020419-4]
ENSDARG00000056141	1.0080330440776571e-4	0.011189414532531763	0.19831383782065426	9	32178050	32188445	1	protein_coding	coq10b	coenzyme Q10B [Source:NCBI gene;Acc:550442]
ENSDARG00000036943	1.018205657916365e-4	0.011189414532531763	-0.34416277838783005	19	329808	340641	-1	protein_coding	golph3l	golgi phosphoprotein 3-like [Source:ZFIN;Acc:ZDB-GENE-051113-168]
ENSDARG00000041433	1.0184330959911867e-4	0.011189414532531763	-0.6745480255810239	20	46039591	46043405	1	protein_coding	si:dkey-7c18.24	si:dkey-7c18.24 [Source:ZFIN;Acc:ZDB-GENE-041014-63]
ENSDARG00000077060	1.0196825041752477e-4	0.011189414532531763	-0.2107261721239476	6	42666694	42690736	1	protein_coding	rbm6	RNA binding motif protein 6 [Source:ZFIN;Acc:ZDB-GENE-050309-79]
ENSDARG00000092714	1.076235563723195e-4	0.011753216745179026	-1.0644542149910614	4	13499264	13502549	-1	protein_coding	si:ch211-266a5.12	si:ch211-266a5.12 [Source:ZFIN;Acc:ZDB-GENE-081104-210]
ENSDARG00000091792	1.0853650656101389e-4	0.01179620452886809	0.3702320791494738	17	7763630	7783588	1	protein_coding	akap12a	A kinase (PRKA) anchor protein 12a [Source:ZFIN;Acc:ZDB-GENE-110310-3]
ENSDARG00000025428	1.098967289082183e-4	0.01188716284357228	-0.958629836915023	3	57423137	57425961	-1	protein_coding	socs3a	suppressor of cytokine signaling 3a [Source:ZFIN;Acc:ZDB-GENE-030131-7349]
ENSDARG00000054827	1.1475412463078866e-4	0.012353743796153387	-0.6689941659537065	22	31004735	31020690	-1	protein_coding	ssuh2.4	ssu-2 homolog, tandem duplicate 4 [Source:ZFIN;Acc:ZDB-GENE-070424-72]
ENSDARG00000070331	1.1639089903422835e-4	0.01242006215582609	-0.4714213608977488	25	8356707	8400166	1	protein_coding	muc5.1	mucin 5.1, oligomeric mucus/gel-forming [Source:ZFIN;Acc:ZDB-GENE-120822-1]
ENSDARG00000074168	1.1646371292938398e-4	0.01242006215582609	0.25784364564626594	8	11173794	11202500	-1	protein_coding	tasor2	transcription activation suppressor family member 2 [Source:ZFIN;Acc:ZDB-GENE-041111-225]
ENSDARG00000013522	1.1859308375870696e-4	0.012588046250369292	0.30847189729030994	6	60055168	60062097	1	protein_coding	pck1	phosphoenolpyruvate carboxykinase 1 (soluble) [Source:ZFIN;Acc:ZDB-GENE-030909-11]
ENSDARG00000015164	1.2045017161837006e-4	0.012691264068696232	0.28842913899208583	8	20438884	20450375	1	protein_coding	mknk2b	MAPK interacting serine/threonine kinase 2b [Source:ZFIN;Acc:ZDB-GENE-030829-2]
ENSDARG00000077264	1.2068294249783783e-4	0.012691264068696232	0.17819861561805514	17	24821627	24835683	1	protein_coding	wdr43	WD repeat domain 43 [Source:ZFIN;Acc:ZDB-GENE-021231-3]
ENSDARG00000040306	1.219736810832183e-4	0.012767890165001398	0.6568131487612038	2	41504752	41518340	-1	protein_coding	otomp	otolith matrix protein [Source:NCBI gene;Acc:565818]
ENSDARG00000060854	1.235679049865268e-4	0.012875435604444752	0.44309711410193947	17	29345606	29370314	1	protein_coding	kctd3	potassium channel tetramerization domain containing 3 [Source:ZFIN;Acc:ZDB-GENE-060503-169]
ENSDARG00000036414	1.2816440502215487e-4	0.01329339936108789	0.2265860621046263	7	20147202	20225261	1	protein_coding	si:ch73-335l21.1	si:ch73-335l21.1 [Source:ZFIN;Acc:ZDB-GENE-130530-591]
ENSDARG00000095409	1.3177522701927753e-4	0.013573465589992543	-1.3647534794494267	12	46152983	46176115	-1	protein_coding	si:ch211-226h7.8	si:ch211-226h7.8 [Source:ZFIN;Acc:ZDB-GENE-130531-7]
ENSDARG00000094792	1.32059691630568e-4	0.013573465589992543	0.25242670850769466	6	41463785	41501766	1	protein_coding	twf2a	twinfilin actin binding protein 2 [Source:NCBI gene;Acc:100310784]
ENSDARG00000102364	1.3410954482622646e-4	0.01372206446273754	0.8432476906761364	15	12004777	12011390	-1	protein_coding	si:dkey-202l22.6	si:dkey-202l22.6 [Source:ZFIN;Acc:ZDB-GENE-131121-181]
ENSDARG00000070480	1.3486305566700994e-4	0.013737283898996103	-0.4802455932214904	19	30400372	30404096	-1	protein_coding	agr2	anterior gradient 2 [Source:NCBI gene;Acc:335616]
ENSDARG00000031616	1.3600050418506707e-4	0.013791301127516958	0.4287031217686499	12	6023490	6033854	-1	protein_coding	g6pca.1	glucose-6-phosphatase a, catalytic subunit, tandem duplicate 1 [Source:ZFIN;Acc:ZDB-GENE-031001-4]
ENSDARG00000008275	1.381944425812892e-4	0.013951496725484373	0.3601920328522544	24	25760986	25788841	-1	protein_coding	klhl24b	kelch-like family member 24b [Source:ZFIN;Acc:ZDB-GENE-040426-1185]
ENSDARG00000051915	1.40079190374935e-4	0.014079198271533845	0.6955717086214692	7	57539146	57619470	1	protein_coding	pde5ab	phosphodiesterase 5A, cGMP-specific, b [Source:ZFIN;Acc:ZDB-GENE-060824-4]
ENSDARG00000052859	1.420990640775265e-4	0.014219296213748962	0.4801687206349215	13	45035756	45063686	-1	protein_coding	chp1	calcineurin-like EF-hand protein 1 [Source:ZFIN;Acc:ZDB-GENE-030131-4086]
ENSDARG00000117485	1.4554639764049183e-4	0.014500379045630578	0.4535203156713793	1	40693323	40705186	1	lincRNA	FO681323.1	NA
ENSDARG00000102138	1.5138950789006823e-4	0.01501664922149738	-0.384383081825402	17	10318071	10320932	1	protein_coding	foxa1	forkhead box A1 [Source:ZFIN;Acc:ZDB-GENE-990415-78]
ENSDARG00000070717	1.587270605008835e-4	0.015596986488825548	0.22417490158947237	25	16615178	16666886	-1	protein_coding	slc25a18	solute carrier family 25 member 18 [Source:ZFIN;Acc:ZDB-GENE-041111-192]
ENSDARG00000028098	1.5880230462171207e-4	0.015596986488825548	0.5301552623539186	8	13503377	13505486	1	protein_coding	fut9d	fucosyltransferase 9d [Source:ZFIN;Acc:ZDB-GENE-050309-15]
ENSDARG00000094879	1.593000601103908e-4	0.015596986488825548	-0.8092561561782234	21	10883014	10886709	-1	protein_coding	si:dkey-277m11.2	si:dkey-277m11.2 [Source:ZFIN;Acc:ZDB-GENE-060526-285]
ENSDARG00000031588	1.7349154487531385e-4	0.01691356412808049	-0.7648602232575364	12	38929663	38974869	1	protein_coding	si:dkey-239b22.1	si:dkey-239b22.1 [Source:ZFIN;Acc:ZDB-GENE-131119-12]
ENSDARG00000059035	1.773063056443267e-4	0.017211592874832825	0.23885965555226657	15	1847135	1885247	-1	protein_coding	porb	P450 (cytochrome) oxidoreductase b [Source:ZFIN;Acc:ZDB-GENE-030131-5767]
ENSDARG00000073970	1.826195483312133e-4	0.01765192783124898	-0.5358620180973058	7	15736230	15788356	1	protein_coding	mctp2b	multiple C2 domains, transmembrane 2b [Source:ZFIN;Acc:ZDB-GENE-050506-136]
ENSDARG00000043279	1.8910362431116874e-4	0.01820122383994999	-0.3769950623479138	22	2874838	2886937	-1	protein_coding	aqp12	aquaporin 12 [Source:ZFIN;Acc:ZDB-GENE-040718-310]
ENSDARG00000098121	1.9475602728405441e-4	0.018588092108462313	-0.29012123747889906	6	28222989	28224964	1	lincRNA	FP101882.1	NA
ENSDARG00000075676	1.9475967078203964e-4	0.018588092108462313	0.3680152188088136	23	1580294	1587955	-1	protein_coding	fndc7b	fibronectin type III domain containing 7b [Source:ZFIN;Acc:ZDB-GENE-100922-114]
ENSDARG00000079332	1.971713733039981e-4	0.018719642685045234	-1.8780938673455183	1	8615535	8625266	-1	lincRNA	AL928650.1	endonuclease domain-containing 1 protein-like [Source:NCBI gene;Acc:101883376]
ENSDARG00000090337	1.9778623131898993e-4	0.018719642685045234	0.32873049350425115	13	12007904	12021566	-1	protein_coding	pprc1	PPARG related coactivator 1 [Source:ZFIN;Acc:ZDB-GENE-030131-9858]
ENSDARG00000093687	2.0233339964068967e-4	0.019070552584391144	-0.5119361677703753	5	40200818	40210447	-1	protein_coding	si:dkey-193c22.1	si:dkey-193c22.1 [Source:ZFIN;Acc:ZDB-GENE-030131-7957]
ENSDARG00000055172	2.0388130175526175e-4	0.019137040369300706	0.36920062995976244	3	25154078	25165189	1	protein_coding	si:ch211-256m1.8	si:ch211-256m1.8 [Source:ZFIN;Acc:ZDB-GENE-131127-417]
ENSDARG00000035694	2.0775038480875163e-4	0.019380114829081956	0.17402500133872503	19	3137518	3167878	-1	protein_coding	stm	starmaker [Source:NCBI gene;Acc:386700]
ENSDARG00000099148	2.0817732856244763e-4	0.019380114829081956	0.37785658446851944	9	426392	433915	1	protein_coding	bzw1b	basic leucine zipper and W2 domains 1b [Source:NCBI gene;Acc:406812]
ENSDARG00000068006	2.1176183735966274e-4	0.01963334749234587	-1.7152139182057466	8	40476811	40490593	1	protein_coding	gck	glucokinase (hexokinase 4) [Source:ZFIN;Acc:ZDB-GENE-060825-204]
ENSDARG00000103485	2.171893784231507e-4	0.020054702158056378	-0.3897299965721897	6	18298444	18350267	1	protein_coding	card14	caspase recruitment domain family, member 14 [Source:ZFIN;Acc:ZDB-GENE-090310-1]
ENSDARG00000023176	2.18399034503802e-4	0.020084753314792966	0.27144047682683475	11	34084532	34097437	-1	protein_coding	tdo2b	tryptophan 2,3-dioxygenase b [Source:NCBI gene;Acc:334082]
ENSDARG00000104732	2.223481059752991e-4	0.02036547269043919	0.42570868847841414	18	14233553	14274803	-1	protein_coding	mlycd	malonyl-CoA decarboxylase [Source:ZFIN;Acc:ZDB-GENE-070410-120]
ENSDARG00000071555	2.2669835284831941e-4	0.0205526657223216	-0.3393551184566045	22	812848	817479	-1	protein_coding	zgc:153675	zgc:153675 [Source:ZFIN;Acc:ZDB-GENE-061013-567]
ENSDARG00000005913	2.2707676182444686e-4	0.0205526657223216	-0.4087413874845495	23	40234602	40250886	-1	protein_coding	tgm1l3	transglutaminase 1 like 3 [Source:ZFIN;Acc:ZDB-GENE-120718-1]
ENSDARG00000110192	2.2710627762723845e-4	0.0205526657223216	0.8220565104260756	KN149800.1	2019	18143	-1	protein_coding	CABZ01081535.1	utrophin-like [Source:NCBI gene;Acc:103909931]
ENSDARG00000062054	2.289238769170344e-4	0.020610655153923532	0.20366139880305237	25	23591990	23645806	1	protein_coding	cpt1ab	carnitine palmitoyltransferase 1Ab (liver) [Source:ZFIN;Acc:ZDB-GENE-030131-3250]
ENSDARG00000091801	2.2965117376932303e-4	0.020610655153923532	0.4629222607072157	16	51244297	51254694	-1	protein_coding	serpinb14	serpin peptidase inhibitor, clade B (ovalbumin), member 14 [Source:ZFIN;Acc:ZDB-GENE-050506-148]
ENSDARG00000068947	2.304691353333294e-4	0.020610655153923532	1.7841362393253664	18	15706160	15718931	1	protein_coding	si:ch211-264e16.1	si:ch211-264e16.1 [Source:ZFIN;Acc:ZDB-GENE-060503-226]
ENSDARG00000012297	2.3173529406937473e-4	0.02063328451871466	0.6967771140608038	1	10771457	10776547	1	protein_coding	cnga3b	cyclic nucleotide gated channel subunit alpha 3b [Source:ZFIN;Acc:ZDB-GENE-090312-121]
ENSDARG00000099803	2.3253888781822377e-4	0.02063328451871466	-0.4673308807667264	18	50924556	50936344	1	protein_coding	pik3c2g	phosphatidylinositol-4-phosphate 3-kinase catalytic subunit type 2 gamma [Source:ZFIN;Acc:ZDB-GENE-170327-2]
ENSDARG00000103295	2.358764611222165e-4	0.0208479914956854	0.30808446323633903	1	59338175	59348118	-1	protein_coding	cyp3a65	cytochrome P450, family 3, subfamily A, polypeptide 65 [Source:ZFIN;Acc:ZDB-GENE-050604-1]
ENSDARG00000020645	2.4108594551304442e-4	0.021225842063289938	0.16648952037508566	21	30502002	30537411	1	protein_coding	slc7a3a	solute carrier family 7 member 3a [Source:ZFIN;Acc:ZDB-GENE-041114-206]
ENSDARG00000001953	2.431174537638148e-4	0.02132205776928592	0.45966207643693	4	25472505	25485404	-1	protein_coding	pfkfb3	6-phosphofructo-2-kinase/fructose-2,6-biphosphatase 3 [Source:ZFIN;Acc:ZDB-GENE-040426-2724]
ENSDARG00000079009	2.447412998922191e-4	0.02137993043256642	0.39951219651885667	14	6423973	6519076	1	protein_coding	abca1b	ATP-binding cassette, sub-family A (ABC1), member 1B [Source:ZFIN;Acc:ZDB-GENE-030131-9826]
ENSDARG00000062132	2.456597773673711e-4	0.02137993043256642	-0.23432227048031962	1	17900306	17912645	1	protein_coding	cyp4v8	cytochrome P450, family 4, subfamily V, polypeptide 8 [Source:ZFIN;Acc:ZDB-GENE-061103-601]
ENSDARG00000003570	2.505212840480443e-4	0.021635858822858164	-0.22628453176881178	4	9836465	9843836	1	protein_coding	hsp90b1	heat shock protein 90, beta (grp94), member 1 [Source:ZFIN;Acc:ZDB-GENE-031002-1]
ENSDARG00000078108	2.514004899176082e-4	0.021635858822858164	0.7433572393179272	1	41478345	41484861	1	protein_coding	dok1a	docking protein 1a [Source:ZFIN;Acc:ZDB-GENE-080721-2]
ENSDARG00000075831	2.514579233649375e-4	0.021635858822858164	0.17322166763086064	7	24208611	24236364	-1	protein_coding	slc7a8a	solute carrier family 7 member 8a [Source:ZFIN;Acc:ZDB-GENE-121120-2]
ENSDARG00000099149	2.5663960132492087e-4	0.021998371864511614	0.46941906124856914	3	48842918	48869632	1	protein_coding	hs3st3b1a	heparan sulfate (glucosamine) 3-O-sulfotransferase 3B1a [Source:ZFIN;Acc:ZDB-GENE-070202-4]
ENSDARG00000018898	2.590546367153924e-4	0.022121902530038116	0.24775762242043403	5	25680842	25694362	1	protein_coding	zfand5a	zinc finger, AN1-type domain 5a [Source:ZFIN;Acc:ZDB-GENE-040426-1979]
ENSDARG00000117450	2.6427712940153294e-4	0.022483352038785844	0.8257766226175528	1	40683491	40692718	1	lincRNA	FO834828.2	NA
ENSDARG00000088377	2.71913107808122e-4	0.02296188705231826	0.5882811515697166	20	19119800	19148677	1	protein_coding	rp1l1b	rp1 like 1b [Source:ZFIN;Acc:ZDB-GENE-091204-67]
ENSDARG00000042458	2.7192373396758146e-4	0.02296188705231826	-0.3646523715435582	11	45426609	45435014	-1	protein_coding	rfc4	replication factor C (activator 1) 4 [Source:ZFIN;Acc:ZDB-GENE-040824-3]
ENSDARG00000078694	2.782576846836183e-4	0.023409715954031074	0.20310981858461327	2	258698	283376	1	protein_coding	phlpp1	PH domain and leucine rich repeat protein phosphatase 1 [Source:ZFIN;Acc:ZDB-GENE-131127-271]
ENSDARG00000075837	2.793887812453215e-4	0.023418140833902135	0.2917068148198256	21	18405585	18445953	1	protein_coding	si:dkey-1d7.3	si:dkey-1d7.3 [Source:ZFIN;Acc:ZDB-GENE-091118-46]
ENSDARG00000040100	2.815347946361416e-4	0.023504703551616046	0.46424125146451906	18	8869465	8889382	-1	protein_coding	si:dkey-95h12.1	si:dkey-95h12.1 [Source:ZFIN;Acc:ZDB-GENE-060503-85]
ENSDARG00000033160	2.8249104422589395e-4	0.023504703551616046	-0.2493272926365746	3	23488652	23496223	1	protein_coding	nr1d1	nuclear receptor subfamily 1, group d, member 1 [Source:ZFIN;Acc:ZDB-GENE-050105-1]
ENSDARG00000098258	2.85442984365672e-4	0.023663640109000874	0.42235314818404146	KN149739.1	39153	44920	-1	protein_coding	SLC16A7	zgc:165507 [Source:ZFIN;Acc:ZDB-GENE-070620-11]
ENSDARG00000052783	2.9230053514173274e-4	0.024120860990441275	-0.28033257289470054	13	42124566	42143637	1	protein_coding	cdc42ep3	CDC42 effector protein (Rho GTPase binding) 3 [Source:ZFIN;Acc:ZDB-GENE-040912-89]
ENSDARG00000020228	2.9308200014799876e-4	0.024120860990441275	-0.16924792951822493	19	10558535	10577420	1	protein_coding	usf2	upstream transcription factor 2, c-fos interacting [Source:ZFIN;Acc:ZDB-GENE-030131-8475]
ENSDARG00000095796	2.9584901954580366e-4	0.024253129524297912	-0.45783808861134906	16	17714664	17719792	1	protein_coding	si:dkey-87o1.2	si:dkey-87o1.2 [Source:ZFIN;Acc:ZDB-GENE-110411-217]
ENSDARG00000103459	2.9682456560663965e-4	0.024253129524297912	0.2503515861948437	KN149912.1	57102	76613	-1	protein_coding	evplb	envoplakin b [Source:ZFIN;Acc:ZDB-GENE-030131-212]
ENSDARG00000067796	3.0022751402475724e-4	0.024393535179782416	0.31533749383791715	25	35565590	35599887	-1	protein_coding	clpxb	caseinolytic mitochondrial matrix peptidase chaperone subunit b [Source:ZFIN;Acc:ZDB-GENE-130404-1]
ENSDARG00000101637	3.0069072640717925e-4	0.024393535179782416	-0.17726065565904126	7	54668303	54679595	-1	protein_coding	ccnd1	cyclin D1 [Source:NCBI gene;Acc:30222]
ENSDARG00000045070	3.054728462289947e-4	0.024693294313493288	0.7845813147510591	12	26434478	26461744	1	protein_coding	itgb3b	integrin beta 3b [Source:ZFIN;Acc:ZDB-GENE-071207-2]
ENSDARG00000028027	3.083491180049995e-4	0.024837412111643843	0.23526244707074653	6	15651977	15653494	-1	protein_coding	trim63a	tripartite motif containing 63a [Source:ZFIN;Acc:ZDB-GENE-040625-139]
ENSDARG00000020107	3.1167034497825153e-4	0.025016225746222556	0.13374290090179208	15	20900627	20939579	-1	protein_coding	usp2a	ubiquitin specific peptidase 2a [Source:ZFIN;Acc:ZDB-GENE-041212-59]
ENSDARG00000094345	3.1510969607844016e-4	0.025203227980358338	-0.8295385505242383	23	31253297	31266586	-1	protein_coding	si:dkey-261l7.2	si:dkey-261l7.2 [Source:ZFIN;Acc:ZDB-GENE-090313-288]
ENSDARG00000077157	3.192589342998944e-4	0.025445497167095092	-0.3651991733222886	1	25959084	25966411	-1	protein_coding	synpo2b	synaptopodin 2b [Source:ZFIN;Acc:ZDB-GENE-101230-1]
ENSDARG00000074490	3.280871939586556e-4	0.02605769444325476	-0.18715652857622747	7	31339129	31367917	1	protein_coding	casc4	cancer susceptibility candidate 4 [Source:ZFIN;Acc:ZDB-GENE-091130-1]
ENSDARG00000039243	3.311403031686603e-4	0.02609445495433875	-1.3926095755076917	13	37617518	37620290	-1	protein_coding	zgc:152791	zgc:152791 [Source:ZFIN;Acc:ZDB-GENE-060901-4]
ENSDARG00000095046	3.311588069070174e-4	0.02609445495433875	-0.4184902874648227	8	36570508	36579527	1	protein_coding	pold2	polymerase (DNA directed), delta 2, regulatory subunit [Source:ZFIN;Acc:ZDB-GENE-030616-157]
ENSDARG00000044827	3.319963672376799e-4	0.02609445495433875	-0.26722709651301035	11	27486584	27501027	-1	protein_coding	wnt7aa	wingless-type MMTV integration site family, member 7Aa [Source:ZFIN;Acc:ZDB-GENE-051129-1]
ENSDARG00000062221	3.4056436066281305e-4	0.0266755843188131	-0.4240811002645327	5	23888314	23909934	-1	protein_coding	arap1a	ArfGAP with RhoGAP domain, ankyrin repeat and PH domain 1a [Source:ZFIN;Acc:ZDB-GENE-030131-6226]
ENSDARG00000055504	3.43480339694678e-4	0.026739090353298117	-0.3359592016796332	7	19482084	19491627	1	protein_coding	si:ch211-212k18.7	si:ch211-212k18.7 [Source:ZFIN;Acc:ZDB-GENE-030131-1312]
ENSDARG00000052658	3.4372944676042485e-4	0.026739090353298117	0.6231722046521985	10	8437930	8468949	1	protein_coding	pptc7b	PTC7 protein phosphatase homolog b [Source:ZFIN;Acc:ZDB-GENE-081105-111]
ENSDARG00000062788	3.490952214840887e-4	0.02702408172089776	-1.251132811326096	14	11427052	11430610	-1	protein_coding	irg1l	immunoresponsive gene 1, like [Source:ZFIN;Acc:ZDB-GENE-061103-301]
ENSDARG00000054746	3.497723982365812e-4	0.02702408172089776	-0.31816919173672836	2	40830768	40890264	-1	protein_coding	uggt1	UDP-glucose glycoprotein glucosyltransferase 1 [Source:ZFIN;Acc:ZDB-GENE-061103-619]
ENSDARG00000071475	3.5392849556727243e-4	0.027197649608629203	-0.361456701808701	22	14083729	14115316	-1	protein_coding	aox5	aldehyde oxidase 5 [Source:ZFIN;Acc:ZDB-GENE-001205-2]
ENSDARG00000035257	3.544135718315758e-4	0.027197649608629203	-0.49784231003845497	5	41521043	41531629	-1	protein_coding	akr1a1a	aldo-keto reductase family 1, member A1a (aldehyde reductase) [Source:NCBI gene;Acc:445326]
ENSDARG00000044155	3.621455777362294e-4	0.027639545435107615	-0.2634042674661292	6	32699359	32703317	-1	protein_coding	mafaa	v-maf avian musculoaponeurotic fibrosarcoma oncogene homolog Aa [Source:NCBI gene;Acc:100000492]
ENSDARG00000031702	3.62605526729565e-4	0.027639545435107615	0.17335889954417502	12	6195191	6451609	1	protein_coding	prkg1b	protein kinase cGMP-dependent 1b [Source:ZFIN;Acc:ZDB-GENE-080225-40]
ENSDARG00000056196	3.729204510115244e-4	0.02827189736618167	-0.1946607953630361	2	25816843	25837986	1	protein_coding	slc2a2	solute carrier family 2 member 2 [Source:ZFIN;Acc:ZDB-GENE-030131-1213]
ENSDARG00000045946	3.7339067619874535e-4	0.02827189736618167	0.32977296451544413	7	69905307	69951096	1	protein_coding	sec24d	SEC24 homolog D, COPII coat complex component [Source:ZFIN;Acc:ZDB-GENE-070117-2501]
ENSDARG00000011648	3.752165565225914e-4	0.028315761067809513	-0.35103934584562263	19	1872794	1877746	1	protein_coding	snrpd1	small nuclear ribonucleoprotein D1 polypeptide [Source:ZFIN;Acc:ZDB-GENE-020419-14]
ENSDARG00000030157	3.7960134631879165e-4	0.02855180325043494	0.32451760330506874	3	30257582	30318595	1	protein_coding	mybpc2a	myosin binding protein C, fast type a [Source:ZFIN;Acc:ZDB-GENE-060901-1]
ENSDARG00000100270	3.920257780030569e-4	0.029388995205740714	-0.30565547277700933	24	30349981	30354384	1	antisense	FP085414.1	NA
ENSDARG00000076386	3.9751187180209793e-4	0.029702243973633732	-0.26801077372931886	7	1045637	1057216	1	protein_coding	epdl1	ependymin-like 1 [Source:ZFIN;Acc:ZDB-GENE-090710-3]
ENSDARG00000058543	4.0458497008532564e-4	0.03012083264902876	0.2984621734348798	23	9567334	9768700	-1	protein_coding	lama5	laminin, alpha 5 [Source:ZFIN;Acc:ZDB-GENE-030131-9823]
ENSDARG00000060340	4.061781533901561e-4	0.03012083264902876	0.7023383195322846	13	35995238	36034582	-1	protein_coding	si:dkey-157l19.2	si:dkey-157l19.2 [Source:ZFIN;Acc:ZDB-GENE-090313-190]
ENSDARG00000041381	4.07092037123127e-4	0.03012083264902876	0.44572693407645037	18	15569627	15610856	-1	protein_coding	arntl2	aryl hydrocarbon receptor nuclear translocator-like 2 [Source:ZFIN;Acc:ZDB-GENE-000509-2]
ENSDARG00000095245	4.09209437906832e-4	0.03017919604562886	-1.6148871029193905	24	5826005	5838323	1	protein_coding	si:ch211-157j23.2	si:ch211-157j23.2 [Source:ZFIN;Acc:ZDB-GENE-030131-5686]
ENSDARG00000101778	4.165876640965185e-4	0.030623911941593585	0.386059515918537	25	12798270	12809361	-1	protein_coding	ca5a	carbonic anhydrase Va [Source:ZFIN;Acc:ZDB-GENE-080220-57]
ENSDARG00000051785	4.2544818726572814e-4	0.031070065729053038	0.45261477098629044	5	1965296	1991634	1	protein_coding	dhx33	DEAH (Asp-Glu-Ala-His) box polypeptide 33 [Source:NCBI gene;Acc:796505]
ENSDARG00000032571	4.2622032289487885e-4	0.031070065729053038	-0.4830508785405215	20	2589414	2609270	1	protein_coding	il20ra	interleukin 20 receptor, alpha [Source:ZFIN;Acc:ZDB-GENE-040724-249]
ENSDARG00000031929	4.279794180252687e-4	0.031070065729053038	-0.35856866539270166	14	33270387	33278084	-1	protein_coding	stard14	START domain containing 14 [Source:ZFIN;Acc:ZDB-GENE-040426-963]
ENSDARG00000044550	4.2812813441310153e-4	0.031070065729053038	0.4006766613971625	21	27327442	27338639	-1	protein_coding	hif1al2	hypoxia inducible factor 1 subunit alpha, like 2 [Source:ZFIN;Acc:ZDB-GENE-050211-2]
ENSDARG00000039392	4.344626468530113e-4	0.031429359946707494	0.21288010923789438	4	8045564	8155571	-1	protein_coding	wnk1b	WNK lysine deficient protein kinase 1b [Source:ZFIN;Acc:ZDB-GENE-030131-2656]
ENSDARG00000036135	4.3698738508535717e-4	0.03151164588004409	0.3355847573592273	7	34296789	34315291	1	protein_coding	bbox1	butyrobetaine (gamma), 2-oxoglutarate dioxygenase (gamma-butyrobetaine hydroxylase) 1 [Source:ZFIN;Acc:ZDB-GENE-050417-218]
ENSDARG00000029290	4.5082373182363407e-4	0.03240652236827167	-0.38644375412174614	20	26538137	26541177	1	protein_coding	stx11b.1	syntaxin 11b, tandem duplicate 1 [Source:ZFIN;Acc:ZDB-GENE-040426-1893]
ENSDARG00000093347	4.5409443502545955e-4	0.03253865959496313	-0.8606030274462374	1	45138905	45146834	-1	protein_coding	si:ch211-239f4.6	si:ch211-239f4.6 [Source:ZFIN;Acc:ZDB-GENE-061009-18]
ENSDARG00000095475	4.574418987339205e-4	0.032675448835663534	-0.9113528168180273	9	41249457	41266843	1	unprocessed_pseudogene	BX649377.1	NA
ENSDARG00000097706	4.628737670707048e-4	0.03295980444831053	-0.3488540589108293	17	22687170	22689640	-1	antisense	birc6-as2	birc6 antisense RNA 2 [Source:ZFIN;Acc:ZDB-GENE-131127-227]
ENSDARG00000054879	4.6761471974167624e-4	0.03319333862166305	-0.28695600548579464	12	25600685	25603341	1	protein_coding	six3b	SIX homeobox 3b [Source:ZFIN;Acc:ZDB-GENE-990415-128]
ENSDARG00000098387	4.721727346648932e-4	0.03341247248571043	-0.26360677548399436	16	46596206	46619967	-1	protein_coding	tmem176l.3a	transmembrane protein 176l.3a [Source:ZFIN;Acc:ZDB-GENE-080829-13]
ENSDARG00000043818	4.7748798291851336e-4	0.033683663142838605	0.5622253334180206	12	20699534	20785149	1	protein_coding	CASKIN2	si:ch211-119c20.2 [Source:ZFIN;Acc:ZDB-GENE-041001-137]
ENSDARG00000019507	4.8424761913766305e-4	0.03405475129632203	-0.320110314369911	3	25999477	26011440	1	protein_coding	mcm5	minichromosome maintenance complex component 5 [Source:ZFIN;Acc:ZDB-GENE-021209-1]
ENSDARG00000012789	4.923009131477369e-4	0.03451424457453964	0.7449639604376661	13	33123484	33134611	-1	protein_coding	plek2	pleckstrin 2 [Source:ZFIN;Acc:ZDB-GENE-080219-2]
ENSDARG00000044545	4.95500430410627e-4	0.03463166854393044	-0.15798195059339437	21	27197711	27201495	-1	protein_coding	zgc:77262	zgc:77262 [Source:ZFIN;Acc:ZDB-GENE-040426-1811]
ENSDARG00000057241	5.000602713904223e-4	0.03484315663997988	-0.30897969333150443	24	26932472	26937526	1	protein_coding	tnfsf10	TNF superfamily member 10 [Source:ZFIN;Acc:ZDB-GENE-040718-335]
ENSDARG00000030270	5.028631918044521e-4	0.03488354832127524	-0.24137105480539658	25	31405266	31418457	1	protein_coding	tnnt3a	troponin T type 3a (skeletal, fast) [Source:ZFIN;Acc:ZDB-GENE-000322-3]
ENSDARG00000006202	5.037113735143421e-4	0.03488354832127524	0.289801102468128	6	7466223	7531427	1	protein_coding	erbb3a	erb-b2 receptor tyrosine kinase 3a [Source:ZFIN;Acc:ZDB-GENE-030916-3]
ENSDARG00000018399	5.112841202853911e-4	0.03522907450437861	0.3158670974512031	10	28172344	28193642	-1	protein_coding	rps6kb1a	ribosomal protein S6 kinase b, polypeptide 1a [Source:ZFIN;Acc:ZDB-GENE-091113-52]
ENSDARG00000089237	5.118025351725707e-4	0.03522907450437861	0.7481244557242789	16	50183190	50203058	-1	protein_coding	vsig10l	V-set and immunoglobulin domain containing 10 like [Source:ZFIN;Acc:ZDB-GENE-131127-231]
ENSDARG00000079939	5.186230093371843e-4	0.0355710041411552	0.1707633581401239	12	8581875	8817999	-1	protein_coding	jmjd1cb	jumonji domain containing 1Cb [Source:ZFIN;Acc:ZDB-GENE-121214-344]
ENSDARG00000013946	5.20996651734814e-4	0.0355710041411552	0.1579841103085342	2	23379401	23391266	-1	protein_coding	ivns1abpb	influenza virus NS1A binding protein b [Source:NCBI gene;Acc:334334]
ENSDARG00000045015	5.21467945366704e-4	0.0355710041411552	-0.7936537443301789	11	329687	339847	1	protein_coding	cyp27b1	cytochrome P450, family 27, subfamily B, polypeptide 1 [Source:ZFIN;Acc:ZDB-GENE-111005-2]
ENSDARG00000012881	5.301861427603876e-4	0.03605741985868923	0.494399731346362	3	20065861	20092124	-1	protein_coding	slc4a1a	solute carrier family 4 member 1a (Diego blood group) [Source:ZFIN;Acc:ZDB-GENE-010525-1]
ENSDARG00000041607	5.369514852277727e-4	0.03640851637895181	0.24899948716875583	14	6972868	6987649	-1	protein_coding	eif4ebp3l	eukaryotic translation initiation factor 4E binding protein 3, like [Source:NCBI gene;Acc:324490]
ENSDARG00000071014	5.413946122419108e-4	0.036600531598437513	-0.27472943226129826	19	7575141	7591062	1	protein_coding	s100u	S100 calcium binding protein U [Source:ZFIN;Acc:ZDB-GENE-030131-3121]
ENSDARG00000090142	5.476672913976229e-4	0.03677781486812896	0.5512354226861447	12	532019	540211	1	protein_coding	si:dkey-94l16.4	si:dkey-94l16.4 [Source:ZFIN;Acc:ZDB-GENE-121214-291]
ENSDARG00000028119	5.480476414373607e-4	0.03677781486812896	-0.20157723122186844	6	11070261	11073880	-1	protein_coding	sumo3a	small ubiquitin like modifier 3a [Source:NCBI gene;Acc:406398]
ENSDARG00000016904	5.488742786835005e-4	0.03677781486812896	0.16889422002189525	5	61508418	61554010	1	protein_coding	bckdk	branched chain ketoacid dehydrogenase kinase [Source:ZFIN;Acc:ZDB-GENE-021204-1]
ENSDARG00000104719	5.564729046617276e-4	0.037177300086444535	0.28186161229748646	3	36713477	36743962	1	protein_coding	abcc1	ATP-binding cassette, sub-family C (CFTR/MRP), member 1 [Source:ZFIN;Acc:ZDB-GENE-050517-15]
ENSDARG00000038729	5.628585114584897e-4	0.037493639553605844	0.5178208015560049	21	7863243	7882905	-1	protein_coding	s100z	S100 calcium binding protein Z [Source:ZFIN;Acc:ZDB-GENE-050522-69]
ENSDARG00000016858	5.655169863713788e-4	0.037560579957385584	-0.26990456623320697	21	3419459	3452683	-1	protein_coding	smad7	SMAD family member 7 [Source:ZFIN;Acc:ZDB-GENE-030128-3]
ENSDARG00000101126	5.754421593927412e-4	0.038108363412845826	-0.7573195550801579	6	18544791	18566524	1	protein_coding	atad5b	ATPase family AAA domain containing 5b [Source:ZFIN;Acc:ZDB-GENE-030131-338]
ENSDARG00000105209	5.824938984553479e-4	0.038456987265421474	0.15862195747335783	24	39227519	39335218	1	protein_coding	NA	si:ch73-103b11.2 [Source:ZFIN;Acc:ZDB-GENE-080917-14]
ENSDARG00000013670	5.840924766264763e-4	0.038456987265421474	-0.22528123363712668	10	29770120	29791466	1	protein_coding	hyou1	hypoxia up-regulated 1 [Source:NCBI gene;Acc:327133]
ENSDARG00000095011	5.908775794906894e-4	0.038791283867430665	0.8282012742679559	13	28701233	28705171	1	protein_coding	si:ch211-67n3.9	si:ch211-67n3.9 [Source:ZFIN;Acc:ZDB-GENE-060526-179]
ENSDARG00000090255	5.927383107079985e-4	0.03880129892718209	1.0377877608012303	7	69242104	69298271	-1	protein_coding	phlpp2	PH domain and leucine rich repeat protein phosphatase 2 [Source:ZFIN;Acc:ZDB-GENE-070719-3]
ENSDARG00000068421	6.090415868335527e-4	0.039753964496908475	0.5268376726047785	18	36806545	36865386	1	protein_coding	ttc9b	tetratricopeptide repeat domain 9B [Source:ZFIN;Acc:ZDB-GENE-050419-67]
ENSDARG00000117419	6.207843161601405e-4	0.04040434309907619	-0.4295562416761842	15	2918257	2931021	-1	lincRNA	CABZ01086029.1	uncharacterized LOC110437884 [Source:NCBI gene;Acc:110437884]
ENSDARG00000059610	6.323453985181176e-4	0.041039216363825834	0.17902520759799917	3	45687266	45717575	1	protein_coding	gpr146	G protein-coupled receptor 146 [Source:ZFIN;Acc:ZDB-GENE-050823-3]
ENSDARG00000094678	6.363869421571009e-4	0.04114423355359825	-0.7508694090012041	1	44784793	44796531	-1	protein_coding	si:dkey-9i23.6	si:dkey-9i23.6 [Source:ZFIN;Acc:ZDB-GENE-090313-365]
ENSDARG00000037495	6.375861858184717e-4	0.04114423355359825	0.3320462973567918	14	17197132	17200874	1	protein_coding	rtn4rl2b	reticulon 4 receptor-like 2b [Source:ZFIN;Acc:ZDB-GENE-040310-2]
ENSDARG00000093186	6.43205565903373e-4	0.04129244374862999	-2.163556780478028	3	16780455	16784281	-1	protein_coding	si:dkey-30j10.5	si:dkey-30j10.5 [Source:ZFIN;Acc:ZDB-GENE-091118-81]
ENSDARG00000101512	6.435186038747531e-4	0.04129244374862999	0.3804794911353086	17	3993772	4017948	1	protein_coding	tmx4	thioredoxin-related transmembrane protein 4 [Source:ZFIN;Acc:ZDB-GENE-050706-155]
ENSDARG00000039218	6.650538281730248e-4	0.042554078047747204	0.6597868627371222	14	31890001	31893996	-1	protein_coding	gpr101	G protein-coupled receptor 101 [Source:ZFIN;Acc:ZDB-GENE-070914-1]
ENSDARG00000021566	6.704745764807309e-4	0.042780421361684834	0.49432727193502796	14	49602	58161	1	protein_coding	OTOP1	otopetrin 1 [Source:HGNC Symbol;Acc:HGNC:19656]
ENSDARG00000059841	6.796062015286519e-4	0.043241610273734805	0.327211686488167	1	54700657	54706039	-1	protein_coding	exosc1	exosome component 1 [Source:ZFIN;Acc:ZDB-GENE-080926-3]
ENSDARG00000035890	6.871690197573411e-4	0.043514842474257596	-0.2573169140988324	19	32495419	32500373	-1	protein_coding	fuca1.1	alpha-L-fucosidase 1, tandem duplicate 1 [Source:ZFIN;Acc:ZDB-GENE-030131-7434]
ENSDARG00000069185	6.890789015274786e-4	0.043514842474257596	0.20364228446065877	4	28190013	28335184	-1	protein_coding	celsr1a	cadherin EGF LAG seven-pass G-type receptor 1a [Source:ZFIN;Acc:ZDB-GENE-030616-78]
ENSDARG00000054033	6.896475144500434e-4	0.043514842474257596	-0.33468620327317333	12	27141140	27142834	1	protein_coding	hoxb1b	homeobox B1b [Source:NCBI gene;Acc:30374]
ENSDARG00000055290	7.047498467482259e-4	0.0443445783071633	-0.4875342632324091	8	29710110	29713621	-1	protein_coding	mpeg1.1	macrophage expressed 1, tandem duplicate 1 [Source:ZFIN;Acc:ZDB-GENE-030131-7347]
ENSDARG00000045695	7.122197293472127e-4	0.04469080428762966	-0.23753439190305908	24	10413484	10416284	1	protein_coding	myca	MYC proto-oncogene, bHLH transcription factor a [Source:NCBI gene;Acc:30686]
ENSDARG00000056767	7.145295926685075e-4	0.04471223057152933	0.50471395439429	3	19621034	19649535	1	protein_coding	itgb3a	integrin beta 3a [Source:ZFIN;Acc:ZDB-GENE-071207-1]
ENSDARG00000061214	7.175848762283743e-4	0.04474099024208029	0.20530080243778986	2	30960351	30984508	1	protein_coding	lpin2	lipin 2 [Source:ZFIN;Acc:ZDB-GENE-060503-153]
ENSDARG00000022615	7.189285246911426e-4	0.04474099024208029	0.5613755098139306	2	944341	985417	-1	protein_coding	si:ch211-241e1.3	si:ch211-241e1.3 [Source:ZFIN;Acc:ZDB-GENE-030131-230]
ENSDARG00000097924	7.310061041637326e-4	0.04536831600021636	-0.7125858014444022	17	15157213	15169188	1	antisense	CU464134.1	NA
ENSDARG00000013076	7.383583511312993e-4	0.04557192042708069	-0.2891419176071087	2	21164930	21170517	-1	protein_coding	bmi1b	bmi1 polycomb ring finger oncogene 1b [Source:NCBI gene;Acc:394249]
ENSDARG00000014244	7.399854279648739e-4	0.04557192042708069	-0.1541297090175859	14	31855592	31862720	-1	protein_coding	rbmx	RNA binding motif protein X-linked [Source:NCBI gene;Acc:321860]
ENSDARG00000038524	7.403054650051849e-4	0.04557192042708069	-0.09740683792899398	5	54765702	54792239	-1	protein_coding	pik3r1	phosphoinositide-3-kinase, regulatory subunit 1 (alpha) [Source:ZFIN;Acc:ZDB-GENE-030131-1280]
ENSDARG00000029476	7.556156647641468e-4	0.04636606455889611	0.2367694312717618	3	19299309	19323689	1	protein_coding	ldlra	low density lipoprotein receptor a [Source:ZFIN;Acc:ZDB-GENE-031217-1]
ENSDARG00000012747	7.572885736892123e-4	0.04636606455889611	-0.2749924589402686	8	48942470	48961405	1	protein_coding	rer1	retention in endoplasmic reticulum sorting receptor 1 [Source:ZFIN;Acc:ZDB-GENE-040426-1494]
ENSDARG00000101285	7.690921064332043e-4	0.046962169886102786	-0.43266861179407257	15	47334247	47338773	-1	protein_coding	anapc15	anaphase promoting complex subunit 15 [Source:NCBI gene;Acc:751740]
ENSDARG00000017489	7.796055823011292e-4	0.047476516895362336	-0.6421933283848587	13	37605896	37608441	-1	protein_coding	ifi45	interferon alpha inducible protein 45 [Source:ZFIN;Acc:ZDB-GENE-051030-98]
ENSDARG00000036695	7.864421316505875e-4	0.047711949823888045	0.14644980204329588	23	35981839	36003441	-1	protein_coding	calcoco1a	calcium binding and coiled-coil domain 1a [Source:NCBI gene;Acc:334971]
ENSDARG00000116122	7.87672515252389e-4	0.047711949823888045	0.8050571755161496	1	54194801	54199090	1	protein_coding	CABZ01067150.2	NA
ENSDARG00000099742	7.954877199727832e-4	0.048057190316972795	0.1731580917311517	12	9619909	9700605	-1	protein_coding	heatr1	HEAT repeat containing 1 [Source:NCBI gene;Acc:334446]
ENSDARG00000010601	8.027221981142411e-4	0.04836560936383286	-0.23422256043208498	7	30725473	30771147	1	protein_coding	mtmr10	myotubularin related protein 10 [Source:NCBI gene;Acc:555239]
ENSDARG00000007377	8.055371982940839e-4	0.048406818675264855	-0.2675045917938079	17	51743908	51760243	1	protein_coding	odc1	ornithine decarboxylase 1 [Source:ZFIN;Acc:ZDB-GENE-010816-1]
ENSDARG00000043105	8.130152276094242e-4	0.048727284683767996	-0.49799959888036804	3	47114328	47128096	-1	protein_coding	qtrt1	queuine tRNA-ribosyltransferase 1 [Source:NCBI gene;Acc:393985]
ENSDARG00000005616	8.208096904612623e-4	0.04906497926007256	-0.3431762846641104	21	27437867	27443995	-1	protein_coding	bfb	complement component bfb [Source:ZFIN;Acc:ZDB-GENE-990415-34]
ENSDARG00000101322	8.332567459492856e-4	0.04967828604786883	0.6711043366936351	2	4849269	4874966	-1	protein_coding	tfr1a	transferrin receptor 1a [Source:ZFIN;Acc:ZDB-GENE-041220-1]
