Gene	pval	adjp	log2fc	Chr	Start	End	Strand	Biotype	Name	Description
ENSDARG00000034503	1.1999190559481999e-76	2.592425120376086e-72	1.2987731668431817	2	48309600	48375342	-1	protein_coding	per2	period circadian clock 2 [Source:ZFIN;Acc:ZDB-GENE-011220-2]
ENSDARG00000031683	1.9491599728661852e-47	2.1055800606886966e-43	-1.7263591710469182	20	46552311	46554440	-1	protein_coding	fosab	v-fos FBJ murine osteosarcoma viral oncogene homolog Ab [Source:ZFIN;Acc:ZDB-GENE-031222-4]
ENSDARG00000099195	1.8891877295184543e-27	1.3605300298748736e-23	-0.8877579254145246	3	33761549	33762726	1	protein_coding	ier2a	immediate early response 2a [Source:NCBI gene;Acc:797137]
ENSDARG00000104773	2.0661790708303126e-26	1.1159949706322226e-22	-0.7515793787515823	3	7654655	7656059	-1	protein_coding	junbb	JunB proto-oncogene, AP-1 transcription factor subunit b [Source:ZFIN;Acc:ZDB-GENE-040426-2666]
ENSDARG00000055752	3.679055095143318e-22	1.4226675426250608e-18	-0.7200445098640302	14	30636955	30642819	-1	protein_coding	npas4a	neuronal PAS domain protein 4a [Source:NCBI gene;Acc:724016]
ENSDARG00000037421	4.554438226127322e-22	1.4226675426250608e-18	-0.6645342136677493	14	21332522	21336385	-1	protein_coding	egr1	early growth response 1 [Source:NCBI gene;Acc:30498]
ENSDARG00000078567	4.609429668306145e-22	1.4226675426250608e-18	0.6241057753652595	8	13700605	13788311	1	protein_coding	lonrf1l	LON peptidase N-terminal domain and ring finger 1, like [Source:ZFIN;Acc:ZDB-GENE-081104-397]
ENSDARG00000086881	8.813434053928441e-21	2.3801780341890498e-17	-0.9134893181139042	11	31038409	31039533	-1	protein_coding	ier2b	immediate early response 2b [Source:ZFIN;Acc:ZDB-GENE-030131-8244]
ENSDARG00000045768	1.5642335012635917e-20	3.755029421644433e-17	0.44830533012827883	4	12013043	12026507	1	protein_coding	cry1a	cryptochrome circadian regulator 1a [Source:ZFIN;Acc:ZDB-GENE-010426-2]
ENSDARG00000020298	7.398764907621008e-19	1.5985031582915188e-15	-0.8399746464765601	22	336256	339623	1	protein_coding	btg2	B-cell translocation gene 2 [Source:ZFIN;Acc:ZDB-GENE-000210-15]
ENSDARG00000098761	2.2465281930913937e-18	4.4123856010672325e-15	-1.5716185468076886	22	24246213	24248420	-1	protein_coding	rgs2	regulator of G protein signaling 2 [Source:ZFIN;Acc:ZDB-GENE-040718-410]
ENSDARG00000075048	7.182498407491316e-18	1.2931489841154157e-14	0.48355132652530525	14	34068075	34092744	1	protein_coding	lonrf1	LON peptidase N-terminal domain and ring finger 1 [Source:ZFIN;Acc:ZDB-GENE-101021-4]
ENSDARG00000079227	1.7218457175113642e-16	2.8615751328333094e-13	-1.2693426452003513	12	30517386	30523229	-1	protein_coding	plekhs1	pleckstrin homology domain containing, family S member 1 [Source:ZFIN;Acc:ZDB-GENE-080204-50]
ENSDARG00000077799	4.956772496051322e-16	7.649362126942059e-13	-0.9384838320592722	23	45579497	45581626	1	protein_coding	egr4	early growth response 4 [Source:ZFIN;Acc:ZDB-GENE-080204-90]
ENSDARG00000021443	2.8515467910763886e-15	4.1071778947470245e-12	-0.3685101223306641	20	9575374	9580446	-1	protein_coding	zfp36l1b	zinc finger protein 36, C3H type-like 1b [Source:ZFIN;Acc:ZDB-GENE-030131-2391]
ENSDARG00000091131	1.7310395388698436e-11	2.3374443273301858e-8	0.5024561463331265	22	786556	809282	1	protein_coding	cry3b	cryptochrome circadian regulator 3b [Source:ZFIN;Acc:ZDB-GENE-010426-5]
ENSDARG00000074378	2.1488498644178334e-11	2.7309353718086643e-8	-0.6105039091157676	1	51732979	51734535	-1	protein_coding	junba	JunB proto-oncogene, AP-1 transcription factor subunit a [Source:ZFIN;Acc:ZDB-GENE-040426-2172]
ENSDARG00000105590	6.889476777822655e-11	7.932296969262946e-8	0.643394136441925	7	2021025	2047639	-1	protein_coding	si:cabz01007794.1	si:cabz01007794.1 [Source:ZFIN;Acc:ZDB-GENE-160728-147]
ENSDARG00000100504	6.975868660772783e-11	7.932296969262946e-8	-0.6812359597730547	6	18196961	18199062	-1	protein_coding	ppp1r27b	protein phosphatase 1, regulatory subunit 27b [Source:ZFIN;Acc:ZDB-GENE-051023-5]
ENSDARG00000100106	1.1493254714347758e-10	1.2415588405174166e-7	-1.0777935388372515	12	43852970	43982343	-1	protein_coding	CR385054.1	NA
ENSDARG00000113076	2.0436475280948436e-10	2.1025240402137666e-7	-1.3195993410052778	12	43848634	44024244	-1	protein_coding	si:ch211-182p11.1	si:ch211-182p11.1 [Source:ZFIN;Acc:ZDB-GENE-131127-323]
ENSDARG00000069946	2.2718448679864097e-10	2.1932021532416747e-7	0.5507683049546043	1	31019165	31064706	1	protein_coding	itga6b	integrin, alpha 6b [Source:ZFIN;Acc:ZDB-GENE-050320-5]
ENSDARG00000007769	2.630859168682376e-10	2.1932021532416747e-7	-1.2986992442961032	7	56602521	56606752	-1	protein_coding	sult5a1	sulfotransferase family 5A, member 1 [Source:ZFIN;Acc:ZDB-GENE-060929-978]
ENSDARG00000093936	2.6531912000976154e-10	2.1932021532416747e-7	-1.8730983165470647	18	7591381	7593581	1	protein_coding	si:dkeyp-1h4.6	si:dkeyp-1h4.6 [Source:ZFIN;Acc:ZDB-GENE-060503-841]
ENSDARG00000074150	2.7316133971513217e-10	2.1932021532416747e-7	-1.7727443763187754	12	46231498	46252062	-1	protein_coding	si:ch211-226h7.5	si:ch211-226h7.5 [Source:ZFIN;Acc:ZDB-GENE-130531-3]
ENSDARG00000020573	2.737544668493539e-10	2.1932021532416747e-7	0.18123554216347731	9	33334501	33354738	1	protein_coding	ddx3xa	DEAD-box helicase 3 X-linked a [Source:ZFIN;Acc:ZDB-GENE-030131-1565]
ENSDARG00000043093	2.7408682313133634e-10	2.1932021532416747e-7	-0.94298615801436	8	19356072	19359834	1	protein_coding	mpeg1.2	macrophage expressed 1, tandem duplicate 2 [Source:ZFIN;Acc:ZDB-GENE-050522-305]
ENSDARG00000044356	3.123123031668668e-10	2.4098240392571994e-7	0.5082970611505624	6	28795780	28914225	1	protein_coding	tp63	tumor protein p63 [Source:ZFIN;Acc:ZDB-GENE-030819-1]
ENSDARG00000093494	3.355997565727421e-10	2.5002181864669286e-7	-0.546199555565619	1	52398205	52400660	1	protein_coding	si:ch211-217k17.9	si:ch211-217k17.9 [Source:ZFIN;Acc:ZDB-GENE-061207-21]
ENSDARG00000028507	3.4946683366409767e-10	2.516743647104277e-7	0.5456052818899174	8	13106760	13159587	1	protein_coding	itgb4	integrin, beta 4 [Source:ZFIN;Acc:ZDB-GENE-030131-7209]
ENSDARG00000070041	3.892200953815372e-10	2.712612955070358e-7	-1.526335473831961	12	30528623	30540755	-1	protein_coding	zgc:153920	zgc:153920 [Source:ZFIN;Acc:ZDB-GENE-061013-702]
ENSDARG00000039117	5.854164253196462e-10	3.9524755840721737e-7	0.29742293162371375	12	19144833	19153177	-1	protein_coding	tefa	TEF transcription factor, PAR bZIP family member a [Source:ZFIN;Acc:ZDB-GENE-990415-264]
ENSDARG00000058606	7.204533242101185e-10	4.654929357850527e-7	-0.354297337876438	9	9112159	9122562	1	protein_coding	sik1	salt-inducible kinase 1 [Source:ZFIN;Acc:ZDB-GENE-030131-9446]
ENSDARG00000068951	7.325507899417631e-10	4.654929357850527e-7	-2.075191341088875	18	15758375	15768336	1	protein_coding	si:ch211-219a15.4	si:ch211-219a15.4 [Source:ZFIN;Acc:ZDB-GENE-060503-308]
ENSDARG00000053761	9.534198602669113e-10	5.885324594590463e-7	-0.9172683632095734	7	2228276	2234151	1	protein_coding	si:dkey-187j14.4	si:dkey-187j14.4 [Source:ZFIN;Acc:ZDB-GENE-131119-26]
ENSDARG00000076196	1.6024574369058726e-9	9.616970256764271e-7	-1.5190805457626528	12	46209859	46228023	-1	protein_coding	si:ch211-226h7.6	si:ch211-226h7.6 [Source:ZFIN;Acc:ZDB-GENE-130531-12]
ENSDARG00000035309	1.9745108404878203e-9	1.152954235371334e-6	0.41338031003508285	16	8258203	8280885	-1	protein_coding	entpd3	ectonucleoside triphosphate diphosphohydrolase 3 [Source:ZFIN;Acc:ZDB-GENE-030131-6186]
ENSDARG00000026759	4.9826559190484584e-9	2.8329021350274195e-6	0.4443706392705845	6	102506	109626	1	protein_coding	ldlrb	low density lipoprotein receptor b [Source:ZFIN;Acc:ZDB-GENE-040426-1254]
ENSDARG00000069566	8.996218805452229e-9	4.9836745459434724e-6	-0.949936079923356	1	45149844	45157243	-1	protein_coding	mucms1	mucin, multiple PTS and SEA group, member 1 [Source:ZFIN;Acc:ZDB-GENE-061009-17]
ENSDARG00000098108	1.0105077382466193e-8	5.458004921204552e-6	-0.3716264050216675	8	40628926	40633991	1	protein_coding	dusp2	dual specificity phosphatase 2 [Source:ZFIN;Acc:ZDB-GENE-040801-188]
ENSDARG00000100826	1.1123714685453653e-8	5.8616550190055164e-6	0.3280238525275775	15	25501864	25527581	-1	protein_coding	hif1al	hypoxia inducible factor 1 subunit alpha, like [Source:ZFIN;Acc:ZDB-GENE-040426-1315]
ENSDARG00000109240	1.2265818443344357e-8	6.3095954159155915e-6	-2.652990012916299	KN150297.1	87	5872	-1	protein_coding	CABZ01067080.1	interferon-induced very large GTPase 1-like [Source:NCBI gene;Acc:101883914]
ENSDARG00000074508	1.3796089139869499e-8	6.931732694578617e-6	-0.3201021737120937	11	11595973	11625630	-1	protein_coding	si:dkey-28e7.3	si:dkey-28e7.3 [Source:ZFIN;Acc:ZDB-GENE-141215-28]
ENSDARG00000010572	1.5734816902737903e-8	7.726152708719373e-6	-0.4998908714881988	8	2606068	2616326	-1	protein_coding	slc25a25a	solute carrier family 25 member 25a [Source:NCBI gene;Acc:406541]
ENSDARG00000103720	1.677628390688731e-8	8.054480306851118e-6	-0.4825800389056796	15	13984879	13986761	1	protein_coding	NA	zgc:162730 [Source:ZFIN;Acc:ZDB-GENE-030131-6366]
ENSDARG00000058285	2.2911799012033687e-8	1.0761074296847562e-5	0.3536391471387836	18	8340886	8367566	1	protein_coding	cpt1b	carnitine palmitoyltransferase 1B (muscle) [Source:ZFIN;Acc:ZDB-GENE-041010-9]
ENSDARG00000038524	3.159451787259075e-8	1.4523394864623898e-5	-0.1595548117406428	5	54765702	54792239	-1	protein_coding	pik3r1	phosphoinositide-3-kinase, regulatory subunit 1 (alpha) [Source:ZFIN;Acc:ZDB-GENE-030131-1280]
ENSDARG00000013794	3.364143400795763e-8	1.5142149619623431e-5	0.5668790846983599	17	32365941	32370047	-1	protein_coding	klf11b	Kruppel-like factor 11b [Source:ZFIN;Acc:ZDB-GENE-061103-82]
ENSDARG00000043856	4.075997613942061e-8	1.7971822132493517e-5	0.2625680732188934	20	2950005	2978968	1	protein_coding	amd1	adenosylmethionine decarboxylase 1 [Source:ZFIN;Acc:ZDB-GENE-040426-760]
ENSDARG00000091260	5.0025501661838104e-8	2.1616019268080246e-5	0.4046635549209092	2	394166	424925	1	protein_coding	mylk4a	myosin light chain kinase family, member 4a [Source:ZFIN;Acc:ZDB-GENE-120824-2]
ENSDARG00000089372	6.949397606964062e-8	2.943955594087423e-5	-0.34187264931477224	14	6933400	6943934	-1	protein_coding	clk4a	CDC-like kinase 4a [Source:ZFIN;Acc:ZDB-GENE-030131-576]
ENSDARG00000023062	8.114311006998382e-8	3.3713401789653855e-5	-0.4212996882808154	23	45456490	45465320	1	protein_coding	ccn1	cellular communication network factor 1 [Source:ZFIN;Acc:ZDB-GENE-040426-3]
ENSDARG00000019498	9.153842281793851e-8	3.7314860848708705e-5	0.9364758764986912	10	39264802	39283883	-1	protein_coding	cry5	cryptochrome circadian regulator 5 [Source:ZFIN;Acc:ZDB-GENE-010426-8]
ENSDARG00000061682	1.1355482325640505e-7	4.543244363804872e-5	0.49411336787393684	17	20983798	21049260	-1	protein_coding	bicc1a	BicC family RNA binding protein 1a [Source:ZFIN;Acc:ZDB-GENE-101223-3]
ENSDARG00000090337	1.3294894726752916e-7	5.2224763740272136e-5	0.4627335869486412	13	12007904	12021566	-1	protein_coding	pprc1	PPARG related coactivator 1 [Source:ZFIN;Acc:ZDB-GENE-030131-9858]
ENSDARG00000040334	1.601297077316168e-7	6.0627764740326844e-5	0.24355531098425193	10	7810455	7821686	-1	protein_coding	mat2aa	methionine adenosyltransferase II, alpha a [Source:ZFIN;Acc:ZDB-GENE-030131-2049]
ENSDARG00000022309	1.6030572593660183e-7	6.0627764740326844e-5	0.3061254690444028	2	2110271	2162791	1	protein_coding	dspa	desmoplakin a [Source:ZFIN;Acc:ZDB-GENE-030131-2743]
ENSDARG00000036767	1.627590999740318e-7	6.0627764740326844e-5	-1.427305377282005	19	7682109	7690975	-1	protein_coding	urgcp	upregulator of cell proliferation [Source:ZFIN;Acc:ZDB-GENE-120215-160]
ENSDARG00000035859	2.753336041837117e-7	1.0082343251506935e-4	0.4138278943649321	2	24536762	24542518	1	protein_coding	angptl4	angiopoietin-like 4 [Source:ZFIN;Acc:ZDB-GENE-041111-222]
ENSDARG00000088234	3.134914428319588e-7	1.1207877168829445e-4	-1.5151560596747924	1	52433847	52437056	-1	protein_coding	si:ch211-217k17.12	si:ch211-217k17.12 [Source:ZFIN;Acc:ZDB-GENE-061207-20]
ENSDARG00000041140	3.1644550210534416e-7	1.1207877168829445e-4	0.46595165510904407	18	20468157	20482855	1	protein_coding	ddb2	damage-specific DNA binding protein 2 [Source:NCBI gene;Acc:100004133]
ENSDARG00000097826	4.460344438151239e-7	1.5542861546170565e-4	0.7207069799598286	12	39034225	39061186	1	protein_coding	si:dkey-239b22.2	si:dkey-239b22.2 [Source:ZFIN;Acc:ZDB-GENE-131120-8]
ENSDARG00000028098	4.55621104368146e-7	1.562491104741872e-4	0.7063817540571004	8	13503377	13505486	1	protein_coding	fut9d	fucosyltransferase 9d [Source:ZFIN;Acc:ZDB-GENE-050309-15]
ENSDARG00000103333	6.046097622433948e-7	2.04103029894821e-4	0.55031062926607	12	35654749	35689239	1	protein_coding	baiap2b	BAR/IMD domain containing adaptor protein 2b [Source:ZFIN;Acc:ZDB-GENE-100812-7]
ENSDARG00000040306	6.56003362464425e-7	2.1574569167093848e-4	0.8468228903594407	2	41504752	41518340	-1	protein_coding	otomp	otolith matrix protein [Source:NCBI gene;Acc:565818]
ENSDARG00000030844	6.590703841833806e-7	2.1574569167093848e-4	0.46982280673906346	20	29502065	29505863	-1	protein_coding	klf11a	Kruppel-like factor 11a [Source:ZFIN;Acc:ZDB-GENE-030131-3568]
ENSDARG00000015947	6.775474538565443e-7	2.1848377224732298e-4	0.2804538563892941	6	52790049	52846194	1	protein_coding	matn4	matrilin 4 [Source:ZFIN;Acc:ZDB-GENE-050208-64]
ENSDARG00000058323	8.252026982417935e-7	2.6218388669873454e-4	0.5936911866463062	6	12996038	13022166	-1	protein_coding	tmbim1a	transmembrane BAX inhibitor motif containing 1a [Source:ZFIN;Acc:ZDB-GENE-041010-69]
ENSDARG00000010641	9.726882560560437e-7	3.045641995955192e-4	0.2098697650574797	10	17713022	17728165	1	protein_coding	slc20a1b	solute carrier family 20 member 1b [Source:NCBI gene;Acc:321541]
ENSDARG00000077060	1.043569527366602e-6	3.220902805536491e-4	-0.26405238310646945	6	42666694	42690736	1	protein_coding	rbm6	RNA binding motif protein 6 [Source:ZFIN;Acc:ZDB-GENE-050309-79]
ENSDARG00000098837	1.107168671186514e-6	3.369067484645723e-4	0.9263393337877678	6	2145564	2162446	-1	protein_coding	tgm5l	transglutaminase 5, like [Source:ZFIN;Acc:ZDB-GENE-110411-176]
ENSDARG00000060609	1.218257096652705e-6	3.6556173018307907e-4	0.523611822422208	20	49119633	49175503	1	protein_coding	cd109	CD109 molecule [Source:ZFIN;Acc:ZDB-GENE-120215-253]
ENSDARG00000103459	1.3158091459733378e-6	3.8844492481308055e-4	0.33434437688633706	KN149912.1	57102	76613	-1	protein_coding	evplb	envoplakin b [Source:ZFIN;Acc:ZDB-GENE-030131-212]
ENSDARG00000099819	1.330475558258179e-6	3.8844492481308055e-4	-0.45756511453328685	7	25033924	25040976	1	protein_coding	sb:cb1058	sb:cb1058 [Source:ZFIN;Acc:ZDB-GENE-040108-9]
ENSDARG00000074201	1.4623650046343577e-6	4.21258612335004e-4	0.2913072935192781	23	19759128	19809027	1	protein_coding	flna	filamin A, alpha (actin binding protein 280) [Source:ZFIN;Acc:ZDB-GENE-030131-2145]
ENSDARG00000057408	1.4985193364544507e-6	4.2599355610655805e-4	0.6355157299803614	15	45668851	45674213	-1	protein_coding	CABZ01067232.1	otolin-1-like [Source:NCBI gene;Acc:101886389]
ENSDARG00000111102	1.564706231466341e-6	4.390321835172766e-4	-0.3158178961889676	24	25692802	25695056	1	protein_coding	camk2n2	calcium/calmodulin-dependent protein kinase II inhibitor 2 [Source:ZFIN;Acc:ZDB-GENE-040718-389]
ENSDARG00000038321	1.6140511484380172e-6	4.470714751538893e-4	-1.5165129025017907	9	33080438	33081978	-1	protein_coding	zgc:172053	zgc:172053 [Source:ZFIN;Acc:ZDB-GENE-080219-25]
ENSDARG00000052063	1.7085293606653652e-6	4.672503397110786e-4	0.33760762990894355	7	51103232	51194430	1	protein_coding	col4a5	collagen, type IV, alpha 5 (Alport syndrome) [Source:ZFIN;Acc:ZDB-GENE-030131-2281]
ENSDARG00000055172	1.8151450881765008e-6	4.899402898405866e-4	0.47050533837392927	3	25154078	25165189	1	protein_coding	si:ch211-256m1.8	si:ch211-256m1.8 [Source:ZFIN;Acc:ZDB-GENE-131127-417]
ENSDARG00000042336	1.8368508899369362e-6	4.899402898405866e-4	-0.2839106037471048	18	8805575	8842818	1	protein_coding	impdh1a	IMP (inosine 5'-monophosphate) dehydrogenase 1a [Source:NCBI gene;Acc:431724]
ENSDARG00000054160	2.2507281978122597e-6	5.930119843138278e-4	-1.3102118362665836	10	40786196	40819136	-1	protein_coding	zgc:113625	zgc:113625 [Source:ZFIN;Acc:ZDB-GENE-050320-47]
ENSDARG00000077726	2.4478190936729946e-6	6.371702592627115e-4	-0.42192788797951597	14	46028003	46042136	1	protein_coding	nocta	nocturnin a [Source:ZFIN;Acc:ZDB-GENE-050208-306]
ENSDARG00000011407	2.4952053255409805e-6	6.41772750694201e-4	0.2529397356089037	11	32007	55224	-1	protein_coding	col2a1b	collagen, type II, alpha 1b [Source:ZFIN;Acc:ZDB-GENE-050302-9]
ENSDARG00000062929	2.768583109849231e-6	6.983407690497661e-4	0.3320951237447167	1	8127675	8141135	-1	protein_coding	FAM83G	si:dkeyp-9d4.4 [Source:ZFIN;Acc:ZDB-GENE-121214-254]
ENSDARG00000007369	2.779787370436468e-6	6.983407690497661e-4	0.29706213859404673	8	52106818	52230115	-1	protein_coding	tcf7l1b	transcription factor 7 like 1b [Source:NCBI gene;Acc:30556]
ENSDARG00000070972	2.9006622921651465e-6	7.203311358876781e-4	-0.43529261185705553	19	9174166	9179858	1	protein_coding	si:ch211-81a5.8	si:ch211-81a5.8 [Source:ZFIN;Acc:ZDB-GENE-060503-138]
ENSDARG00000006588	2.990225124172578e-6	7.341342478153244e-4	-0.730947571527993	1	45173421	45177401	-1	protein_coding	zgc:111983	zgc:111983 [Source:ZFIN;Acc:ZDB-GENE-050417-335]
ENSDARG00000098121	3.6416263092001425e-6	8.840150158457201e-4	-0.3601702482365859	6	28222989	28224964	1	lincRNA	FP101882.1	NA
ENSDARG00000102802	3.901518891998412e-6	9.365812851291743e-4	-0.29208382745599054	6	24364678	24392915	-1	protein_coding	brdt	bromodomain, testis-specific [Source:NCBI gene;Acc:333996]
ENSDARG00000099411	4.229244097259178e-6	0.0010012340015335885	-0.49427276829095546	5	9823754	9824908	-1	protein_coding	zgc:158343	zgc:158343 [Source:NCBI gene;Acc:568780]
ENSDARG00000070787	4.263528263878275e-6	0.0010012340015335885	0.26570900845382767	11	11719575	11781911	1	protein_coding	jupa	junction plakoglobin a [Source:ZFIN;Acc:ZDB-GENE-991207-22]
ENSDARG00000036558	4.342443939306397e-6	0.0010088010893410182	0.3118893625087359	9	41821613	41979505	1	protein_coding	col18a1a	collagen type XVIII alpha 1 chain a [Source:ZFIN;Acc:ZDB-GENE-030516-3]
ENSDARG00000032619	5.0752109226997176e-6	0.0011664886381375255	-0.24258200923072382	3	18185616	18189283	-1	protein_coding	tob1a	transducer of ERBB2, 1a [Source:ZFIN;Acc:ZDB-GENE-031030-4]
ENSDARG00000089312	5.186440355390023e-6	0.0011795057250336995	1.8964079627486783	3	5331428	5342333	1	protein_coding	si:ch73-106l15.4	si:ch73-106l15.4 [Source:ZFIN;Acc:ZDB-GENE-131120-96]
ENSDARG00000052115	5.461638656328325e-6	0.001229153158020557	-1.109758759865523	25	10410620	10436906	1	protein_coding	ehf	ets homologous factor [Source:ZFIN;Acc:ZDB-GENE-060312-7]
ENSDARG00000075676	5.5245142048205315e-6	0.001230485870053068	0.4453026868947962	23	1580294	1587955	-1	protein_coding	fndc7b	fibronectin type III domain containing 7b [Source:ZFIN;Acc:ZDB-GENE-100922-114]
ENSDARG00000004748	6.845287304157441e-6	0.0015091064510849134	-0.5337735787223101	3	39472342	39488639	-1	protein_coding	zgc:100868	zgc:100868 [Source:ZFIN;Acc:ZDB-GENE-040801-33]
ENSDARG00000032801	7.215204657707684e-6	0.0015745908750482275	-0.6196533799080628	10	2715548	2755378	1	protein_coding	grk5	G protein-coupled receptor kinase 5 [Source:ZFIN;Acc:ZDB-GENE-091204-274]
ENSDARG00000005774	7.855430307704293e-6	0.001695750351077328	0.1550150408330683	6	59832786	59850404	1	protein_coding	ddx3xb	DEAD-box helicase 3 X-linked b [Source:ZFIN;Acc:ZDB-GENE-980526-150]
ENSDARG00000105104	7.927367991613522e-6	0.001695750351077328	-0.6707928637331989	21	45496442	45499853	1	protein_coding	si:dkey-223p19.1	si:dkey-223p19.1 [Source:ZFIN;Acc:ZDB-GENE-120215-140]
ENSDARG00000017676	8.5299936235819e-6	0.0018067697278184996	0.24710548742461408	7	35410050	35432901	-1	protein_coding	mmp2	matrix metallopeptidase 2 [Source:ZFIN;Acc:ZDB-GENE-030131-9123]
ENSDARG00000077778	9.387123111981669e-6	0.001968869609017164	0.46207004244706457	11	19157879	19227802	1	protein_coding	adamts9	ADAM metallopeptidase with thrombospondin type 1 motif, 9 [Source:ZFIN;Acc:ZDB-GENE-070814-6]
ENSDARG00000100693	9.477548684924094e-6	0.001968869609017164	0.44645093198994934	6	34960025	35032792	-1	protein_coding	ddr2a	discoidin domain receptor tyrosine kinase 2a [Source:ZFIN;Acc:ZDB-GENE-090316-2]
ENSDARG00000101043	1.0163686091046881e-5	0.0020912994094958843	0.34297560752093154	3	36459790	36481986	-1	protein_coding	ppl	periplakin [Source:ZFIN;Acc:ZDB-GENE-041008-196]
ENSDARG00000007737	1.0494377787769658e-5	0.0021389720009883347	-0.2988450646519785	20	16170848	16212016	1	protein_coding	zyg11	zyg-11 homolog (C. elegans) [Source:NCBI gene;Acc:555349]
ENSDARG00000056530	1.1069494545427654e-5	0.0022351068191959296	0.29711818269572937	22	21252790	21304247	1	protein_coding	cpamd8	C3 and PZP like alpha-2-macroglobulin domain containing 8 [Source:ZFIN;Acc:ZDB-GENE-050208-428]
ENSDARG00000042874	1.1830651230463353e-5	0.0023666779614274144	-0.37814363764571135	25	23524796	23526086	-1	protein_coding	phlda2	pleckstrin homology-like domain, family A, member 2 [Source:NCBI gene;Acc:553622]
ENSDARG00000074526	1.2845392096697206e-5	0.0025460981307260837	0.388788803835453	15	18253542	18361475	-1	protein_coding	zbtb16b	zinc finger and BTB domain containing 16b [Source:ZFIN;Acc:ZDB-GENE-100923-1]
ENSDARG00000038891	1.3056804767753675e-5	0.002564475154611983	0.5673997932995156	23	37444933	37453984	1	protein_coding	AL954146.1	trypsin I-P1-like [Source:NCBI gene;Acc:560023]
ENSDARG00000102758	1.3717494486777086e-5	0.0026699681836650354	-0.7886209161606818	8	52479026	52490474	1	protein_coding	FO704661.1	gamma-glutamyl hydrolase [Source:NCBI gene;Acc:553228]
ENSDARG00000101569	1.3939199183874645e-5	0.0026888964139965333	0.22618259179899916	14	24934736	25001584	1	protein_coding	ppargc1b	peroxisome proliferator-activated receptor gamma, coactivator 1 beta [Source:ZFIN;Acc:ZDB-GENE-030616-43]
ENSDARG00000007219	1.4652071763091214e-5	0.0028013983224919083	0.28683019901901086	13	36321088	36391502	-1	protein_coding	actn1	actinin, alpha 1 [Source:ZFIN;Acc:ZDB-GENE-081113-4]
ENSDARG00000003820	1.5075913391840206e-5	0.002857150077462348	-0.31205907549792283	16	50089417	50111057	1	protein_coding	nr1d2a	nuclear receptor subfamily 1, group D, member 2a [Source:ZFIN;Acc:ZDB-GENE-040504-1]
ENSDARG00000025522	1.622205060505574e-5	0.003047629594106342	-0.29347871347868904	23	31640239	31693309	-1	protein_coding	sgk1	serum/glucocorticoid regulated kinase 1 [Source:NCBI gene;Acc:324140]
ENSDARG00000078529	1.7307006014908344e-5	0.003223429870276679	-0.2709690817671356	19	92570	103289	-1	protein_coding	adgrb1b	adhesion G protein-coupled receptor B1b [Source:ZFIN;Acc:ZDB-GENE-081031-45]
ENSDARG00000069381	1.8169439808223452e-5	0.003355134590227929	-1.7843509263096058	9	33061564	33063083	-1	protein_coding	si:ch211-125e6.5	si:ch211-125e6.5 [Source:ZFIN;Acc:ZDB-GENE-070912-39]
ENSDARG00000005690	1.9884103952297756e-5	0.003640644626181297	0.3031247705217145	1	54974191	54997746	-1	protein_coding	slc25a23a	solute carrier family 25 member 23a [Source:ZFIN;Acc:ZDB-GENE-121214-154]
ENSDARG00000019130	2.0105069709387044e-5	0.0036501683283303114	-0.29816485760953176	8	17078692	17086195	1	protein_coding	plk2b	polo-like kinase 2b (Drosophila) [Source:ZFIN;Acc:ZDB-GENE-070720-17]
ENSDARG00000096031	2.065866169769037e-5	0.0037194198831550034	0.4324604693602495	1	49245229	49250490	-1	protein_coding	si:ch73-6k14.2	si:ch73-6k14.2 [Source:ZFIN;Acc:ZDB-GENE-110914-243]
ENSDARG00000100020	2.120228669069316e-5	0.0037416457945505326	-0.22727270183261739	8	10304981	10308771	1	protein_coding	pim1	Pim-1 proto-oncogene, serine/threonine kinase [Source:ZFIN;Acc:ZDB-GENE-061013-139]
ENSDARG00000021787	2.1252298883856862e-5	0.0037416457945505326	0.43810863671686867	16	19537038	19568795	-1	protein_coding	abcb5	ATP-binding cassette, sub-family B (MDR/TAP), member 5 [Source:ZFIN;Acc:ZDB-GENE-030131-6414]
ENSDARG00000002396	2.131989870267164e-5	0.0037416457945505326	0.35072646999663837	24	20194022	20208474	-1	protein_coding	cry-dash	cryptochrome DASH [Source:NCBI gene;Acc:402986]
ENSDARG00000077469	2.1545586418281455e-5	0.0037416457945505326	0.3266716996376535	13	41917606	41940467	1	protein_coding	polr1b	RNA polymerase I subunit B [Source:ZFIN;Acc:ZDB-GENE-040426-1598]
ENSDARG00000104823	2.1648031674094727e-5	0.0037416457945505326	-0.35579378793311417	6	23887314	23889678	1	protein_coding	znf648	zinc finger protein 648 [Source:ZFIN;Acc:ZDB-GENE-120215-149]
ENSDARG00000103199	2.207219010020992e-5	0.003784679897738376	-0.783310673020414	16	23339062	23346095	-1	protein_coding	si:dkey-247k7.2	si:dkey-247k7.2 [Source:ZFIN;Acc:ZDB-GENE-031118-45]
ENSDARG00000014626	2.3446115339052567e-5	0.0039886088338600845	0.35888979915118085	12	5708400	5711920	1	protein_coding	dlx3b	distal-less homeobox 3b [Source:NCBI gene;Acc:30585]
ENSDARG00000055080	2.5245727871619866e-5	0.004261202739580838	-0.2295500740412679	7	22796083	22801248	1	protein_coding	rbm4.2	RNA binding motif protein 4.2 [Source:ZFIN;Acc:ZDB-GENE-030131-3019]
ENSDARG00000041381	2.6241602291038174e-5	0.004375680014893702	0.5262756589865978	18	15569627	15610856	-1	protein_coding	arntl2	aryl hydrocarbon receptor nuclear translocator-like 2 [Source:ZFIN;Acc:ZDB-GENE-000509-2]
ENSDARG00000034643	2.63290165209989e-5	0.004375680014893702	0.32717851869193454	16	33655890	33736831	1	protein_coding	fhl3a	four and a half LIM domains 3a [Source:ZFIN;Acc:ZDB-GENE-030131-4741]
ENSDARG00000089441	2.7224850089100775e-5	0.004490022031870399	0.28900201153224153	16	22695211	22713192	-1	protein_coding	si:ch211-105c13.3	si:ch211-105c13.3 [Source:ZFIN;Acc:ZDB-GENE-030131-4483]
ENSDARG00000055093	2.774818425529733e-5	0.004541663036634082	0.6875399578956815	11	7001948	7030047	-1	protein_coding	cdh27	cadherin 27 [Source:ZFIN;Acc:ZDB-GENE-141215-13]
ENSDARG00000056767	2.8496788570811687e-5	0.004629121180995387	0.6210715172125316	3	19621034	19649535	1	protein_coding	itgb3a	integrin beta 3a [Source:ZFIN;Acc:ZDB-GENE-071207-1]
ENSDARG00000093186	3.0481905842567753e-5	0.004907123171480906	-2.956871538178073	3	16780455	16784281	-1	protein_coding	si:dkey-30j10.5	si:dkey-30j10.5 [Source:ZFIN;Acc:ZDB-GENE-091118-81]
ENSDARG00000101040	3.066242203887629e-5	0.004907123171480906	-1.1610887458064991	2	45191049	45193014	1	protein_coding	ccl20a.3	chemokine (C-C motif) ligand 20a, duplicate 3 [Source:ZFIN;Acc:ZDB-GENE-081022-193]
ENSDARG00000025218	3.2197817407131765e-5	0.005114954743243249	0.40297424725042263	25	7612606	7650335	-1	protein_coding	myo5ab	myosin VAb [Source:ZFIN;Acc:ZDB-GENE-050411-72]
ENSDARG00000034117	3.296367688063163e-5	0.005198395905153624	0.2466484648317974	23	35847200	35963735	1	protein_coding	rarga	retinoic acid receptor gamma a [Source:NCBI gene;Acc:30606]
ENSDARG00000074287	3.3425901579943006e-5	0.005233091330686004	0.24887741039001451	20	5330540	5369105	-1	protein_coding	sptlc2b	serine palmitoyltransferase, long chain base subunit 2b [Source:ZFIN;Acc:ZDB-GENE-080305-8]
ENSDARG00000101816	3.503915017745222e-5	0.005432900080420631	0.4638582112388056	1	59252435	59287507	-1	protein_coding	col5a3b	collagen, type V, alpha 3b [Source:ZFIN;Acc:ZDB-GENE-110728-4]
ENSDARG00000102626	3.520509193514873e-5	0.005432900080420631	0.4032955611860683	15	32436907	32596155	-1	protein_coding	frem2b	FRAS1 related extracellular matrix 2b [Source:ZFIN;Acc:ZDB-GENE-081119-4]
ENSDARG00000097262	3.5571603950575886e-5	0.0054505283925687376	-0.333460079253299	8	43934595	43940177	-1	lincRNA	AL808129.1	NA
ENSDARG00000052061	3.611379322257434e-5	0.0054946373420684405	0.31006871709511047	7	50920437	51102479	-1	protein_coding	col4a6	collagen, type IV, alpha 6 [Source:ZFIN;Acc:ZDB-GENE-101001-2]
ENSDARG00000104573	3.987623857363442e-5	0.0060246582824012	0.21417590178619836	10	16225117	16310179	1	protein_coding	slc12a2	solute carrier family 12 member 2 [Source:ZFIN;Acc:ZDB-GENE-040625-53]
ENSDARG00000000796	4.0719835653615845e-5	0.006109249248119308	-0.30502466822839924	23	32149269	32194397	-1	protein_coding	nr4a1	nuclear receptor subfamily 4, group A, member 1 [Source:ZFIN;Acc:ZDB-GENE-040704-11]
ENSDARG00000007709	4.100167280616985e-5	0.006109249248119308	0.6266074325381596	5	30155834	30176970	-1	protein_coding	adamts8a	ADAM metallopeptidase with thrombospondin type 1 motif, 8a [Source:ZFIN;Acc:ZDB-GENE-060526-202]
ENSDARG00000104654	4.245578182911674e-5	0.006282583331630597	-0.40310211484697434	7	51752239	51757085	-1	protein_coding	leap2	liver-expressed antimicrobial peptide 2 [Source:ZFIN;Acc:ZDB-GENE-081022-131]
ENSDARG00000098280	4.36061670760819e-5	0.0064089199978146225	-0.22475518329329977	6	53263854	53282595	-1	protein_coding	rbm5	RNA binding motif protein 5 [Source:ZFIN;Acc:ZDB-GENE-030131-3022]
ENSDARG00000077377	4.403290821466945e-5	0.006427912040391442	-0.2924652534756277	20	27240388	27283820	1	protein_coding	si:dkey-85n7.6	si:dkey-85n7.6 [Source:ZFIN;Acc:ZDB-GENE-110411-62]
ENSDARG00000051861	4.585013680195032e-5	0.0066482698362827965	0.32830233221420585	25	22151271	22191983	-1	protein_coding	pkp3a	plakophilin 3a [Source:ZFIN;Acc:ZDB-GENE-060512-114]
ENSDARG00000088440	4.738813248788073e-5	0.006825470682671087	0.29847446380214615	15	28545143	28587490	-1	protein_coding	ssh2a	slingshot protein phosphatase 2a [Source:ZFIN;Acc:ZDB-GENE-030131-3810]
ENSDARG00000061191	4.8061091793034294e-5	0.006868018668368416	-0.39301765988423426	19	42367286	42391390	-1	protein_coding	plekho1a	pleckstrin homology domain containing, family O member 1a [Source:NCBI gene;Acc:563283]
ENSDARG00000094511	4.871805008220123e-5	0.006868018668368416	-1.1086135837367221	24	26006730	26009612	1	protein_coding	ccl20b	chemokine (C-C motif) ligand 20b [Source:ZFIN;Acc:ZDB-GENE-091204-95]
ENSDARG00000089227	4.882922023688044e-5	0.006868018668368416	-0.48397061501919375	25	27629006	27665978	-1	protein_coding	si:ch211-91p5.3	si:ch211-91p5.3 [Source:ZFIN;Acc:ZDB-GENE-131119-65]
ENSDARG00000076914	4.8955097196423796e-5	0.006868018668368416	-0.8604641771052608	9	18572970	18587754	1	protein_coding	lacc1	laccase (multicopper oxidoreductase) domain containing 1 [Source:ZFIN;Acc:ZDB-GENE-081104-155]
ENSDARG00000026925	5.03321202462121e-5	0.007015648115609112	-1.3281242267415028	5	43782267	43796971	1	protein_coding	nos2a	nitric oxide synthase 2a, inducible [Source:ZFIN;Acc:ZDB-GENE-040305-1]
ENSDARG00000026329	5.179438053369755e-5	0.00717318968865728	0.3235754477452255	24	28448387	28557301	1	protein_coding	arhgap29a	Rho GTPase activating protein 29a [Source:ZFIN;Acc:ZDB-GENE-030131-9510]
ENSDARG00000029766	5.915962370279736e-5	0.00809635894966029	0.4782682243877681	9	9502610	9562644	1	protein_coding	nr1i2	nuclear receptor subfamily 1, group I, member 2 [Source:ZFIN;Acc:ZDB-GENE-030903-3]
ENSDARG00000030972	5.920966045111436e-5	0.00809635894966029	-0.3561965024765719	1	45002971	45014434	1	protein_coding	dnaja1	DnaJ heat shock protein family (Hsp40) member A1 [Source:ZFIN;Acc:ZDB-GENE-030131-2642]
ENSDARG00000100515	6.132248376224269e-5	0.008218469956639362	-0.41711715105661534	14	15760253	15763648	-1	protein_coding	dusp1	dual specificity phosphatase 1 [Source:ZFIN;Acc:ZDB-GENE-040426-2018]
ENSDARG00000035521	6.144636058795028e-5	0.008218469956639362	0.4421743221822365	5	27488975	27538745	1	protein_coding	sfrp1a	secreted frizzled-related protein 1a [Source:ZFIN;Acc:ZDB-GENE-040310-5]
ENSDARG00000011770	6.160833465809884e-5	0.008218469956639362	0.3653831442584507	9	23808546	23812636	1	protein_coding	dhrs12	dehydrogenase/reductase (SDR family) member 12 [Source:ZFIN;Acc:ZDB-GENE-060929-1134]
ENSDARG00000076241	6.162425979984154e-5	0.008218469956639362	-0.25536111265078393	17	6358160	6382392	-1	protein_coding	txlnbb	taxilin beta b [Source:ZFIN;Acc:ZDB-GENE-070424-77]
ENSDARG00000041022	6.222148532970654e-5	0.00824720975796509	-0.2375489554256042	22	29655981	29689981	-1	protein_coding	pdcd4b	programmed cell death 4b [Source:ZFIN;Acc:ZDB-GENE-030131-9847]
ENSDARG00000055592	6.50208374461101e-5	0.00856570239648298	0.3645231597965265	22	26328063	26353916	-1	protein_coding	capn2b	calpain 2, (m/II) large subunit b [Source:ZFIN;Acc:ZDB-GENE-050522-84]
ENSDARG00000058543	6.585973436096232e-5	0.008623633702233884	0.33624185417844416	23	9567334	9768700	-1	protein_coding	lama5	laminin, alpha 5 [Source:ZFIN;Acc:ZDB-GENE-030131-9823]
ENSDARG00000011245	6.698730640429206e-5	0.008718438282317652	0.2893037743373767	16	26645663	26676685	-1	protein_coding	esrp1	epithelial splicing regulatory protein 1 [Source:NCBI gene;Acc:560190]
ENSDARG00000101512	6.785394784428146e-5	0.008778350557938328	0.4388804115092101	17	3993772	4017948	1	protein_coding	tmx4	thioredoxin-related transmembrane protein 4 [Source:ZFIN;Acc:ZDB-GENE-050706-155]
ENSDARG00000052779	6.948958306656074e-5	0.008936443108053839	-1.065308182177942	12	46120836	46145909	-1	protein_coding	zgc:153932	zgc:153932 [Source:ZFIN;Acc:ZDB-GENE-070209-223]
ENSDARG00000078078	7.11705864607086e-5	0.009098464618246208	-0.23196559005779024	7	60551133	60598313	1	protein_coding	lrfn4b	leucine rich repeat and fibronectin type III domain containing 4b [Source:ZFIN;Acc:ZDB-GENE-070705-473]
ENSDARG00000110298	8.035473646619633e-5	0.010212141655012776	-0.3307671233386651	8	54211861	54216499	-1	protein_coding	mbd4	methyl-CpG binding domain protein 4 [Source:ZFIN;Acc:ZDB-GENE-040213-1]
ENSDARG00000017386	8.384801551349579e-5	0.010591249666876528	0.4213335036960125	4	818928	858434	-1	protein_coding	sobpb	sine oculis binding protein homolog (Drosophila) b [Source:NCBI gene;Acc:100006088]
ENSDARG00000114760	8.478857338552264e-5	0.010591249666876528	0.22638094638129622	2	7419986	7431590	-1	protein_coding	asip2b	agouti signaling protein, nonagouti homolog (mouse) 2b [Source:ZFIN;Acc:ZDB-GENE-150212-1]
ENSDARG00000092778	8.480843287987223e-5	0.010591249666876528	-1.691190443622674	3	5083407	5113772	1	protein_coding	si:ch73-338o16.4	si:ch73-338o16.4 [Source:ZFIN;Acc:ZDB-GENE-131119-14]
ENSDARG00000091860	8.581260730851665e-5	0.010655065407474152	-0.9382311255600725	8	42712747	42724810	1	protein_coding	zgc:194007	zgc:194007 [Source:ZFIN;Acc:ZDB-GENE-081022-49]
ENSDARG00000097157	8.734187639641416e-5	0.010754949440549931	-0.5977735069078746	15	29593547	29598679	-1	protein_coding	si:ch211-207n23.2	si:ch211-207n23.2 [Source:ZFIN;Acc:ZDB-GENE-131121-310]
ENSDARG00000075441	8.761264066358658e-5	0.010754949440549931	0.7421713950436641	12	30312308	30345444	-1	protein_coding	vwa2	von Willebrand factor A domain containing 2 [Source:ZFIN;Acc:ZDB-GENE-100302-1]
ENSDARG00000099186	9.474140544066538e-5	0.011564339347715115	0.20464933782398345	15	11643659	11671173	1	protein_coding	slc1a5	solute carrier family 1 member 5 [Source:ZFIN;Acc:ZDB-GENE-070501-4]
ENSDARG00000005916	9.596229893599904e-5	0.011647558811866627	-0.26808206126085177	8	8291492	8339372	1	protein_coding	srpk3	SRSF protein kinase 3 [Source:ZFIN;Acc:ZDB-GENE-101025-2]
ENSDARG00000087303	9.84710874577742e-5	0.011778579559037815	-0.3927005115368862	24	35564668	35565927	1	protein_coding	cebpd	CCAAT enhancer binding protein delta [Source:ZFIN;Acc:ZDB-GENE-020111-4]
ENSDARG00000075706	9.867615680325219e-5	0.011778579559037815	-0.2652187074407792	2	31599963	31664615	-1	protein_coding	si:ch211-106h4.9	si:ch211-106h4.9 [Source:ZFIN;Acc:ZDB-GENE-070705-17]
ENSDARG00000015709	9.867729230205252e-5	0.011778579559037815	0.35522713045018345	25	30196039	30230559	1	protein_coding	hsd17b12a	hydroxysteroid (17-beta) dehydrogenase 12a [Source:NCBI gene;Acc:327417]
ENSDARG00000095557	1.0447319115613274e-4	0.012401886235869493	-0.3557785335472667	22	18247292	18280440	1	processed_transcript	BX664610.1	NA
ENSDARG00000073761	1.0635763873154946e-4	0.012556594452432382	0.6445699127978358	5	3943157	3991655	-1	protein_coding	myo19	myosin XIX [Source:ZFIN;Acc:ZDB-GENE-140106-116]
ENSDARG00000033160	1.098008194163917e-4	0.012892645127669253	-0.2653144533536794	3	23488652	23496223	1	protein_coding	nr1d1	nuclear receptor subfamily 1, group d, member 1 [Source:ZFIN;Acc:ZDB-GENE-050105-1]
ENSDARG00000074808	1.1241703085384478e-4	0.01312848622485036	0.5313342320521945	11	41712391	41779281	-1	protein_coding	megf6b	multiple EGF-like-domains 6b [Source:ZFIN;Acc:ZDB-GENE-101112-3]
ENSDARG00000003991	1.166014821350075e-4	0.013543951728638908	0.5103499694824452	6	15071399	15101477	-1	protein_coding	fhl2b	four and a half LIM domains 2b [Source:ZFIN;Acc:ZDB-GENE-041010-121]
ENSDARG00000020228	1.2313121129534774e-4	0.014115361925753592	-0.17848903358667947	19	10558535	10577420	1	protein_coding	usf2	upstream transcription factor 2, c-fos interacting [Source:ZFIN;Acc:ZDB-GENE-030131-8475]
ENSDARG00000040004	1.2330796173111444e-4	0.014115361925753592	-0.8594869792227627	19	22930177	22997652	1	protein_coding	PKHD1L1	si:ch211-244a23.1 [Source:ZFIN;Acc:ZDB-GENE-060503-789]
ENSDARG00000036820	1.240895633599916e-4	0.014115361925753592	-0.2439575182551109	8	26292560	26326501	1	protein_coding	mgll	monoglyceride lipase [Source:ZFIN;Acc:ZDB-GENE-031006-9]
ENSDARG00000026165	1.241341710665671e-4	0.014115361925753592	0.14740618557228471	24	28764021	28893303	-1	protein_coding	col11a1a	collagen, type XI, alpha 1a [Source:ZFIN;Acc:ZDB-GENE-070209-167]
ENSDARG00000029439	1.259631077079424e-4	0.014245617793015315	0.353823191179307	8	11687254	11744994	1	protein_coding	atp2a2a	ATPase sarcoplasmic/endoplasmic reticulum Ca2+ transporting 2a [Source:ZFIN;Acc:ZDB-GENE-040426-702]
ENSDARG00000035809	1.270862663474491e-4	0.014245617793015315	0.20445458578963127	12	3095699	3133483	-1	protein_coding	col1a1b	collagen, type I, alpha 1b [Source:ZFIN;Acc:ZDB-GENE-030131-4400]
ENSDARG00000074319	1.276529735705323e-4	0.014245617793015315	-0.19055559622227142	7	37359004	37392172	1	protein_coding	sall1a	spalt-like transcription factor 1a [Source:ZFIN;Acc:ZDB-GENE-020228-2]
ENSDARG00000009194	1.2791714195070452e-4	0.014245617793015315	0.28666819006422156	19	38473758	38611814	-1	protein_coding	col16a1	collagen, type XVI, alpha 1 [Source:ZFIN;Acc:ZDB-GENE-060503-351]
ENSDARG00000075759	1.2880387637010174e-4	0.01427080896910794	0.4645098645930378	17	15033822	15117508	1	protein_coding	samd4a	sterile alpha motif domain containing 4A [Source:ZFIN;Acc:ZDB-GENE-070720-7]
ENSDARG00000007371	1.3066625981663152e-4	0.01440328848642002	1.3959509594160011	4	18824959	18835544	1	protein_coding	slc26a3.1	solute carrier family 26 member 3 [Source:ZFIN;Acc:ZDB-GENE-041210-180]
ENSDARG00000077583	1.3464500291824797e-4	0.014766524304815978	-0.3616873245726325	7	7466049	7474597	-1	protein_coding	b4gat1	beta-1,4-glucuronyltransferase 1 [Source:NCBI gene;Acc:101669768]
ENSDARG00000044010	1.3775082040509717e-4	0.015030840782081436	0.4248440458604481	10	20407888	20445549	-1	protein_coding	loxl2a	lysyl oxidase-like 2a [Source:NCBI gene;Acc:565508]
ENSDARG00000008639	1.394865421530635e-4	0.015143752478477069	-0.19969191834245142	20	34420623	34453623	-1	protein_coding	kifap3a	kinesin-associated protein 3a [Source:ZFIN;Acc:ZDB-GENE-040912-74]
ENSDARG00000053152	1.4188410781773323e-4	0.015227238268595783	-0.1990990068281528	24	35183595	35219631	1	protein_coding	pcmtd1	protein-L-isoaspartate (D-aspartate) O-methyltransferase domain containing 1 [Source:ZFIN;Acc:ZDB-GENE-030131-5387]
ENSDARG00000016570	1.4195490489647694e-4	0.015227238268595783	-0.25903648631165166	21	11105007	11135942	1	protein_coding	prlra	prolactin receptor a [Source:ZFIN;Acc:ZDB-GENE-080103-2]
ENSDARG00000036179	1.4236992040066412e-4	0.015227238268595783	0.24613743053881199	7	30632229	30722952	-1	protein_coding	myo1ea	myosin IEa [Source:ZFIN;Acc:ZDB-GENE-030131-5127]
ENSDARG00000078041	1.4576230635681306e-4	0.01551327403368939	0.23771561841990027	1	53657337	53685090	-1	protein_coding	xpo1a	exportin 1 (CRM1 homolog, yeast) a [Source:ZFIN;Acc:ZDB-GENE-050309-201]
ENSDARG00000043243	1.492353874929864e-4	0.01580505169993123	-0.4594828671751443	20	20360337	20410127	-1	protein_coding	prkchb	protein kinase C, eta, b [Source:ZFIN;Acc:ZDB-GENE-041001-104]
ENSDARG00000045070	1.5098839462521972e-4	0.01591270373598962	0.8186119202210421	12	26434478	26461744	1	protein_coding	itgb3b	integrin beta 3b [Source:ZFIN;Acc:ZDB-GENE-071207-2]
ENSDARG00000102777	1.5322389449360762e-4	0.016069913789001907	0.42893049771606956	5	51909740	51945554	1	protein_coding	thbs4a	thrombospondin 4a [Source:ZFIN;Acc:ZDB-GENE-080215-11]
ENSDARG00000088484	1.5479879030126802e-4	0.016156656350042976	0.49331617619849494	18	48491007	48500545	-1	protein_coding	kcnj1a.6	potassium inwardly rectifying channel subfamily J member 1a, tandem duplicate 6 [Source:ZFIN;Acc:ZDB-GENE-050420-272]
ENSDARG00000012405	1.5566151187185287e-4	0.016168591173035488	0.3347642933063385	3	23221047	23239458	1	protein_coding	col1a1a	collagen, type I, alpha 1a [Source:ZFIN;Acc:ZDB-GENE-030131-9102]
ENSDARG00000079497	1.604080429080072e-4	0.016581893622141127	-0.2979239671267966	5	27866649	27867657	-1	protein_coding	tcima	transcriptional and immune response regulator a [Source:ZFIN;Acc:ZDB-GENE-050320-36]
ENSDARG00000102483	1.6407886915555632e-4	0.016870871536768747	0.2622150969636872	15	44021044	44052927	-1	protein_coding	numa1	nuclear mitotic apparatus protein 1 [Source:ZFIN;Acc:ZDB-GENE-110517-1]
ENSDARG00000012824	1.647652809191486e-4	0.016870871536768747	0.41504217508532837	12	5587347	5663189	-1	protein_coding	itga3b	integrin, alpha 3b [Source:ZFIN;Acc:ZDB-GENE-050411-55]
ENSDARG00000094696	1.67753252809101e-4	0.01709579729688975	-0.349443109090458	5	26079178	26083142	1	protein_coding	si:dkey-201c13.2	si:dkey-201c13.2 [Source:ZFIN;Acc:ZDB-GENE-060526-243]
ENSDARG00000089769	1.6985887762520067e-4	0.017229112915927044	0.1774352700416504	5	46490622	46505702	-1	protein_coding	hapln1a	hyaluronan and proteoglycan link protein 1a [Source:ZFIN;Acc:ZDB-GENE-050302-175]
ENSDARG00000111833	1.750892332177515e-4	0.01767664898910991	-1.6435342050401691	3	4726621	4731396	1	protein_coding	CABZ01046996.1	NA
ENSDARG00000069296	1.7785791932983203e-4	0.017792042452285897	0.3844527008583314	20	43083745	43106423	1	protein_coding	moxd1l	monooxygenase, DBH-like 1, like [Source:NCBI gene;Acc:553484]
ENSDARG00000088332	1.7787924877082868e-4	0.017792042452285897	0.2862995714054513	7	26893688	26924903	-1	protein_coding	alx4a	ALX homeobox 4a [Source:ZFIN;Acc:ZDB-GENE-070712-3]
ENSDARG00000093316	1.8126600528664267e-4	0.01804724444340053	-0.7402693605746055	20	35719375	35750810	-1	protein_coding	adgrf8	adhesion G protein-coupled receptor F8 [Source:ZFIN;Acc:ZDB-GENE-130531-41]
ENSDARG00000105744	1.8753177352883954e-4	0.018511038204844493	-0.2697324624460838	4	74226447	74271898	1	protein_coding	ptprr	protein tyrosine phosphatase receptor type R [Source:ZFIN;Acc:ZDB-GENE-101029-2]
ENSDARG00000060438	1.8763792487206405e-4	0.018511038204844493	0.40348529940440686	9	55093078	55128839	-1	protein_coding	tbl1x	transducin beta like 1 X-linked [Source:ZFIN;Acc:ZDB-GENE-070209-131]
ENSDARG00000043492	1.929616882897638e-4	0.01894971488863794	-1.1447683425068498	13	311380	318827	1	protein_coding	irf1a	interferon regulatory factor 1a [Source:ZFIN;Acc:ZDB-GENE-060421-4031]
ENSDARG00000068947	1.9409387373893553e-4	0.018974652226831232	1.7980991908752222	18	15706160	15718931	1	protein_coding	si:ch211-264e16.1	si:ch211-264e16.1 [Source:ZFIN;Acc:ZDB-GENE-060503-226]
ENSDARG00000102441	1.9716894400319485e-4	0.019188446104455064	0.28095102357990037	24	34488316	34680956	-1	protein_coding	ctnna1	catenin (cadherin-associated protein), alpha 1 [Source:ZFIN;Acc:ZDB-GENE-991207-24]
ENSDARG00000076472	2.0266725140151518e-4	0.019635094020312716	0.4219299875681649	7	19835569	19848037	1	protein_coding	ovol1a	ovo-like zinc finger 1a [Source:ZFIN;Acc:ZDB-GENE-031010-37]
ENSDARG00000057652	2.1149263353962633e-4	0.020398653337605478	-0.25857717228113425	16	13599693	13613475	-1	protein_coding	dbpb	D site albumin promoter binding protein b [Source:ZFIN;Acc:ZDB-GENE-100922-6]
ENSDARG00000075015	2.1731924001207298e-4	0.02086747635760372	0.29515964408548423	3	53476155	53486169	-1	protein_coding	soul5	heme-binding protein soul5 [Source:ZFIN;Acc:ZDB-GENE-110718-2]
ENSDARG00000040274	2.212499715707813e-4	0.021150909892861634	-0.21136802248042527	18	50089000	50100149	1	protein_coding	scamp5b	secretory carrier membrane protein 5b [Source:ZFIN;Acc:ZDB-GENE-120215-76]
ENSDARG00000099461	2.245770815380702e-4	0.021374395800132187	-0.30547789325907676	24	34085940	34107618	1	protein_coding	asb10	ankyrin repeat and SOCS box containing 10 [Source:ZFIN;Acc:ZDB-GENE-060929-1106]
ENSDARG00000043976	2.2662893585247707e-4	0.02145332250586703	0.1781148927336439	10	21434649	21444731	1	protein_coding	etf1b	eukaryotic translation termination factor 1b [Source:ZFIN;Acc:ZDB-GENE-021029-1]
ENSDARG00000053483	2.2739230982844478e-4	0.02145332250586703	0.40473904506653646	6	43450221	43474757	1	protein_coding	zgc:113054	zgc:113054 [Source:ZFIN;Acc:ZDB-GENE-050320-9]
ENSDARG00000073810	2.3073440042341555e-4	0.021622845045073467	0.6774181357205328	12	30653047	30681927	1	protein_coding	thbs2b	thrombospondin 2b [Source:ZFIN;Acc:ZDB-GENE-100623-1]
ENSDARG00000022303	2.3119079867678645e-4	0.021622845045073467	0.3200716253878659	2	2168547	2175629	1	protein_coding	higd1a	HIG1 hypoxia inducible domain family, member 1A [Source:ZFIN;Acc:ZDB-GENE-030826-15]
ENSDARG00000024775	2.3224514869882396e-4	0.02162782947257798	0.3690974030477669	22	22316855	22340688	-1	protein_coding	si:ch211-129c21.1	si:ch211-129c21.1 [Source:ZFIN;Acc:ZDB-GENE-030131-5796]
ENSDARG00000089432	2.413831859504326e-4	0.022382333615704277	-0.80919508678321	7	19615056	19621629	1	protein_coding	si:ch211-212k18.15	si:ch211-212k18.15 [Source:ZFIN;Acc:ZDB-GENE-160728-58]
ENSDARG00000088741	2.4764071391707496e-4	0.022864434291360702	0.21069328087520098	16	14093781	14167673	-1	lincRNA	BX322530.1	NA
ENSDARG00000039576	2.5466145267833735e-4	0.023412598660065866	0.2113927605632626	9	9735493	9842149	-1	protein_coding	fstl1b	follistatin-like 1b [Source:ZFIN;Acc:ZDB-GENE-030131-3029]
ENSDARG00000035178	2.580767618366545e-4	0.02362605270966492	-0.5351758271140632	5	55543580	55560937	-1	protein_coding	gna14	guanine nucleotide binding protein (G protein), alpha 14 [Source:ZFIN;Acc:ZDB-GENE-040808-7]
ENSDARG00000031678	2.6245411814055514e-4	0.02388710174146923	0.24553036381230023	9	42653188	42696408	-1	protein_coding	col5a2a	collagen, type V, alpha 2a [Source:ZFIN;Acc:ZDB-GENE-030616-13]
ENSDARG00000036593	2.63139560956708e-4	0.02388710174146923	-0.174415103178879	8	40238647	40276193	-1	protein_coding	kdm2ba	lysine (K)-specific demethylase 2Ba [Source:ZFIN;Acc:ZDB-GENE-040426-2195]
ENSDARG00000044280	2.698739430073464e-4	0.024395926940057402	0.5285080570252961	6	41186320	41189460	1	protein_coding	opn1mw2	opsin 1 (cone pigments), medium-wave-sensitive, 2 [Source:NCBI gene;Acc:360151]
ENSDARG00000103981	2.713283331282798e-4	0.02442520265515202	0.9518159618034984	10	37927100	37928125	1	protein_coding	bhlha9	basic helix-loop-helix family, member a9 [Source:NCBI gene;Acc:323481]
ENSDARG00000007195	2.7468689408815036e-4	0.024624939198234393	-0.20693366695937285	11	36158134	36216651	1	protein_coding	grm2b	glutamate receptor, metabotropic 2b [Source:ZFIN;Acc:ZDB-GENE-060201-5]
ENSDARG00000052575	2.823083385768152e-4	0.025203601879967324	-0.2955537474044154	14	41293110	41308561	-1	protein_coding	arl13a	ADP-ribosylation factor-like 13A [Source:ZFIN;Acc:ZDB-GENE-040426-1790]
ENSDARG00000096398	2.8677303966183327e-4	0.025496837538658057	0.30173178143295803	6	8339298	8346939	1	protein_coding	si:ch211-276a17.5	si:ch211-276a17.5 [Source:ZFIN;Acc:ZDB-GENE-120215-248]
ENSDARG00000014244	2.8841111576158893e-4	0.025537385885365284	-0.16503438908479953	14	31855592	31862720	-1	protein_coding	rbmx	RNA binding motif protein X-linked [Source:NCBI gene;Acc:321860]
ENSDARG00000077139	2.902023149029156e-4	0.025591106177459147	0.2931262087591704	9	23914317	23990416	-1	protein_coding	col6a3	collagen, type VI, alpha 3 [Source:ZFIN;Acc:ZDB-GENE-070501-8]
ENSDARG00000028396	2.945312920113897e-4	0.02586727058498404	-0.33993989033926914	6	41096058	41117242	1	protein_coding	fkbp5	FKBP prolyl isomerase 5 [Source:ZFIN;Acc:ZDB-GENE-030616-630]
ENSDARG00000076820	3.026785728151935e-4	0.0264023269792747	-0.6288182645447168	19	24994270	25005609	-1	protein_coding	xkr8.2	XK, Kell blood group complex subunit-related family, member 8, tandem duplicate 2 [Source:ZFIN;Acc:ZDB-GENE-110106-2]
ENSDARG00000038475	3.0306767372645805e-4	0.0264023269792747	-0.16225772665778318	22	36755263	36774243	-1	protein_coding	acy1	aminoacylase 1 [Source:ZFIN;Acc:ZDB-GENE-040426-755]
ENSDARG00000091669	3.120328498168842e-4	0.02699215415431687	-0.4978678040647291	21	25688388	25695124	1	protein_coding	bicdl2l	bicaudal-D-related protein 2-like [Source:ZFIN;Acc:ZDB-GENE-091204-161]
ENSDARG00000053480	3.1233689139454837e-4	0.02699215415431687	-0.1451041477138727	7	30371893	30390376	1	protein_coding	aqp9b	aquaporin 9b [Source:ZFIN;Acc:ZDB-GENE-070911-1]
ENSDARG00000042824	3.201700976970494e-4	0.027558864385437257	0.1967312251608013	9	1654284	1683368	1	protein_coding	nfe2l2a	nuclear factor, erythroid 2-like 2a [Source:ZFIN;Acc:ZDB-GENE-030723-2]
ENSDARG00000103361	3.226067936256928e-4	0.027658411810647196	-0.23748100256117494	7	46727891	46782264	-1	protein_coding	tshz3b	teashirt zinc finger homeobox 3b [Source:ZFIN;Acc:ZDB-GENE-100319-2]
ENSDARG00000062970	3.336682625613555e-4	0.02832596263170592	0.3542491483918768	21	13799448	13856689	-1	protein_coding	niban2a	niban apoptosis regulator 2a [Source:ZFIN;Acc:ZDB-GENE-070112-1222]
ENSDARG00000036005	3.337177187152328e-4	0.02832596263170592	0.4830205103225335	10	4046448	4085216	1	protein_coding	pitpnb	phosphatidylinositol transfer protein, beta [Source:ZFIN;Acc:ZDB-GENE-040426-895]
ENSDARG00000039243	3.343263351578343e-4	0.02832596263170592	-1.3772957681924225	13	37617518	37620290	-1	protein_coding	zgc:152791	zgc:152791 [Source:ZFIN;Acc:ZDB-GENE-060901-4]
ENSDARG00000039436	3.3662737038680883e-4	0.028409509129714863	0.383254964126173	5	37101393	37117778	-1	protein_coding	il13ra2	interleukin 13 receptor, alpha 2 [Source:ZFIN;Acc:ZDB-GENE-030521-10]
ENSDARG00000042021	3.425143799312568e-4	0.028725745667059113	0.35683896750562005	18	14844669	14860435	-1	protein_coding	mapk12a	mitogen-activated protein kinase 12a [Source:NCBI gene;Acc:30681]
ENSDARG00000013763	3.4303366730392275e-4	0.028725745667059113	0.24497866228764673	13	33611703	33639050	-1	protein_coding	rrbp1a	ribosome binding protein 1a [Source:ZFIN;Acc:ZDB-GENE-030131-9795]
ENSDARG00000074979	3.451190581436444e-4	0.02875438022043032	0.21068332834587153	6	39633065	39653972	-1	protein_coding	larp4ab	La ribonucleoprotein 4Ab [Source:ZFIN;Acc:ZDB-GENE-100729-2]
ENSDARG00000055722	3.460374384314688e-4	0.02875438022043032	-0.2568856835888637	5	30052714	30080332	-1	protein_coding	bco2a	beta-carotene oxygenase 2a [Source:ZFIN;Acc:ZDB-GENE-030131-8039]
ENSDARG00000108006	3.6476063652252896e-4	0.03019407491214267	0.43392356049198355	23	1644754	1660708	-1	protein_coding	CU693481.1	fibronectin type III domain-containing protein 7-like [Source:NCBI gene;Acc:101886366]
ENSDARG00000056885	3.665601872669897e-4	0.030227224602684403	-0.2691720261066082	10	22809715	22831611	-1	protein_coding	per1a	period circadian clock 1a [Source:ZFIN;Acc:ZDB-GENE-011220-1]
ENSDARG00000074663	3.7448204172053185e-4	0.030763058978601102	-0.36405379205924215	17	20569806	20590238	1	protein_coding	zgc:162183	zgc:162183 [Source:ZFIN;Acc:ZDB-GENE-070410-30]
ENSDARG00000102464	3.7648209145684777e-4	0.030810210552746957	0.47758133727847407	4	8532580	8663117	1	protein_coding	wnt5b	wingless-type MMTV integration site family, member 5b [Source:NCBI gene;Acc:30105]
ENSDARG00000078072	3.82104209076134e-4	0.03115230730977311	0.46952782520888	20	8101070	8110672	-1	protein_coding	si:ch211-232i5.1	si:ch211-232i5.1 [Source:ZFIN;Acc:ZDB-GENE-070705-127]
ENSDARG00000052012	3.9250999479552463e-4	0.03188037006600492	-0.2863376389708527	1	44491077	44495902	1	protein_coding	rtn4rl2a	reticulon 4 receptor-like 2 a [Source:ZFIN;Acc:ZDB-GENE-040310-4]
ENSDARG00000020581	3.9443534743943714e-4	0.03191676285179416	0.2619986083346831	17	50313650	50374005	-1	protein_coding	otofb	otoferlin b [Source:ZFIN;Acc:ZDB-GENE-110406-5]
ENSDARG00000054616	3.979479659792428e-4	0.03208084255590127	0.30867788605024676	3	30921246	30927002	1	protein_coding	cldni	claudin i [Source:ZFIN;Acc:ZDB-GENE-010328-9]
ENSDARG00000040085	4.0156550697723336e-4	0.03225212928714917	-0.24304736927254836	13	24287093	24294103	1	protein_coding	ccsapb	centriole, cilia and spindle-associated protein b [Source:NCBI gene;Acc:100003801]
ENSDARG00000017602	4.0502236041160995e-4	0.032409289247010496	-0.19190510966025096	21	5800306	5809022	1	protein_coding	ccng2	cyclin G2 [Source:ZFIN;Acc:ZDB-GENE-021016-1]
ENSDARG00000004187	4.0970333291177663e-4	0.032662880101693485	-0.421815556436624	21	5169154	5174054	1	protein_coding	zgc:122979	zgc:122979 [Source:ZFIN;Acc:ZDB-GENE-051127-45]
ENSDARG00000069037	4.123251357255192e-4	0.03275104616672737	-0.763493354930754	18	16950724	16953978	-1	protein_coding	akip1	A kinase (PRKA) interacting protein 1 [Source:ZFIN;Acc:ZDB-GENE-030829-24]
ENSDARG00000030157	4.148649582768179e-4	0.03276977842333779	0.32167326857212547	3	30257582	30318595	1	protein_coding	mybpc2a	myosin binding protein C, fast type a [Source:ZFIN;Acc:ZDB-GENE-060901-1]
ENSDARG00000117266	4.186565334694373e-4	0.03276977842333779	-0.79767849579314	12	46071521	46083500	-1	lincRNA	FO904966.1	NA
ENSDARG00000020377	4.1897778610361684e-4	0.03276977842333779	0.1658078236422513	7	66634167	66654025	1	protein_coding	eif4g2a	eukaryotic translation initiation factor 4, gamma 2a [Source:ZFIN;Acc:ZDB-GENE-030131-2173]
ENSDARG00000061272	4.197706422300208e-4	0.03276977842333779	-0.20718050059439774	23	35027177	35082494	-1	protein_coding	BX294434.1	solute carrier family 41 member 1 [Source:NCBI gene;Acc:564564]
ENSDARG00000076439	4.201448101487881e-4	0.03276977842333779	0.2555639732721023	12	3964351	3978342	-1	protein_coding	ppp4cb	protein phosphatase 4, catalytic subunit b [Source:NCBI gene;Acc:562705]
ENSDARG00000014975	4.226775106471087e-4	0.03284873243716109	-0.6270612289773202	16	25975426	25978063	-1	protein_coding	irge1	immunity-related GTPase family, e1 [Source:ZFIN;Acc:ZDB-GENE-051209-1]
ENSDARG00000017624	4.282928482156256e-4	0.03316583148995911	0.33628963105777515	6	39308498	39313027	-1	protein_coding	krt4	keratin 4 [Source:ZFIN;Acc:ZDB-GENE-000607-83]
ENSDARG00000024789	4.364047468010238e-4	0.033673301980843284	-1.34317668928156	9	32805688	32813177	-1	protein_coding	mxc	myxovirus (influenza virus) resistance C [Source:NCBI gene;Acc:360145]
ENSDARG00000016936	4.488462575913657e-4	0.034510047669969596	0.30851583918905445	20	34157308	34292607	-1	protein_coding	hmcn1	hemicentin 1 [Source:ZFIN;Acc:ZDB-GENE-041014-322]
ENSDARG00000105441	4.5221622392216176e-4	0.034585615689353956	-0.24293583164190893	14	26995114	27121854	-1	protein_coding	pcdh11	protocadherin 11 [Source:ZFIN;Acc:ZDB-GENE-140106-21]
ENSDARG00000069006	4.5303074473904977e-4	0.034585615689353956	-0.15796767321411184	7	33644434	33684632	-1	protein_coding	tle3b	TLE family member 3, transcriptional corepressor b [Source:NCBI gene;Acc:100007463]
ENSDARG00000063295	4.639298792296752e-4	0.035212790401350676	0.29453119713320436	6	7735806	7776612	-1	protein_coding	myh9a	myosin, heavy chain 9a, non-muscle [Source:ZFIN;Acc:ZDB-GENE-030131-5870]
ENSDARG00000044261	4.656815666020551e-4	0.035212790401350676	0.19543816911729703	10	9550419	9571012	1	protein_coding	si:ch211-243g18.2	si:ch211-243g18.2 [Source:ZFIN;Acc:ZDB-GENE-030131-2830]
ENSDARG00000100088	4.67528644815486e-4	0.035212790401350676	0.2959175141185188	15	37022018	37104165	-1	protein_coding	zmp:0000001114	zmp:0000001114 [Source:ZFIN;Acc:ZDB-GENE-140106-74]
ENSDARG00000031782	4.677653712190532e-4	0.035212790401350676	0.2508706364447176	17	25481466	25550249	1	protein_coding	crybg1a	crystallin beta-gamma domain containing 1a [Source:ZFIN;Acc:ZDB-GENE-041008-100]
ENSDARG00000071347	4.923050027682527e-4	0.03693142216947257	0.3614103630671298	17	24569988	24587686	-1	protein_coding	aftphb	aftiphilin b [Source:ZFIN;Acc:ZDB-GENE-060503-388]
ENSDARG00000104210	4.963350297564192e-4	0.03710490767435099	0.35710366742814936	22	35068046	35083781	1	protein_coding	si:ch73-173h19.3	si:ch73-173h19.3 [Source:ZFIN;Acc:ZDB-GENE-081104-245]
ENSDARG00000037960	5.004320354681232e-4	0.03728218664237518	0.31143330373721995	4	20141191	20156085	-1	protein_coding	lrrc17	leucine rich repeat containing 17 [Source:ZFIN;Acc:ZDB-GENE-030131-9774]
ENSDARG00000010925	5.059256045389822e-4	0.03747666819921547	0.42429701495422434	7	61817629	61845282	-1	protein_coding	HTRA3	HtrA serine peptidase 3b [Source:NCBI gene;Acc:573378]
ENSDARG00000074183	5.07915469238515e-4	0.03747666819921547	-0.212948282219672	7	23577723	23725799	1	protein_coding	si:dkey-172j4.3	si:dkey-172j4.3 [Source:ZFIN;Acc:ZDB-GENE-081104-24]
ENSDARG00000036833	5.082464143656622e-4	0.03747666819921547	-0.37277634320878683	9	16097812	16109001	-1	protein_coding	upp2	uridine phosphorylase 2 [Source:ZFIN;Acc:ZDB-GENE-040426-830]
ENSDARG00000033832	5.138180722016081e-4	0.03775863758474742	-0.17976262079511526	8	11080571	11112058	-1	protein_coding	ampd1	adenosine monophosphate deaminase 1 (isoform M) [Source:ZFIN;Acc:ZDB-GENE-040426-1906]
ENSDARG00000055561	5.29939027963105e-4	0.038780531310414874	0.3043445505441356	6	39190402	39199070	-1	protein_coding	c1galt1b	core 1 synthase, glycoprotein-N-acetylgalactosamine 3-beta-galactosyltransferase, 1b [Source:NCBI gene;Acc:337131]
ENSDARG00000012581	5.313139212165148e-4	0.038780531310414874	-0.28725254560890245	17	33206780	33231714	-1	antisense	AL590149.1	NA
ENSDARG00000104656	5.335337688909072e-4	0.03881143796932004	0.4244445449769623	16	50926455	50952266	-1	protein_coding	si:dkeyp-97a10.3	si:dkeyp-97a10.3 [Source:ZFIN;Acc:ZDB-GENE-131127-642]
ENSDARG00000089205	5.419634144631667e-4	0.039161176004657364	0.7344697503268063	24	18469766	18485491	-1	protein_coding	si:dkey-73n8.3	si:dkey-73n8.3 [Source:ZFIN;Acc:ZDB-GENE-141219-27]
ENSDARG00000040777	5.419667496131706e-4	0.039161176004657364	0.37323288602238786	9	36967294	36974879	1	protein_coding	inhbb	inhibin subunit beta B [Source:ZFIN;Acc:ZDB-GENE-990415-2]
ENSDARG00000086272	5.51225790592115e-4	0.03969744401914215	0.29969135630206406	15	19681718	19688389	1	protein_coding	si:dkey-4p15.5	si:dkey-4p15.5 [Source:ZFIN;Acc:ZDB-GENE-121214-193]
ENSDARG00000063519	5.613940312618082e-4	0.04029540878874208	0.3181973938374897	10	36731039	36738642	-1	protein_coding	PLEKHB1	si:ch211-176g13.7 [Source:ZFIN;Acc:ZDB-GENE-030131-7664]
ENSDARG00000069473	5.668679756919953e-4	0.04051226249278326	0.4670134266669298	7	69653981	69728526	1	protein_coding	frem1a	Fras1 related extracellular matrix 1a [Source:ZFIN;Acc:ZDB-GENE-081119-1]
ENSDARG00000093671	5.681654957330862e-4	0.04051226249278326	0.44911878320106774	24	38098896	38099675	-1	unprocessed_pseudogene	BX001030.1	NA
ENSDARG00000090526	5.742434571498399e-4	0.04081095359119175	-0.5797095857572956	12	30540911	30549022	-1	protein_coding	zgc:158404	zgc:158404 [Source:ZFIN;Acc:ZDB-GENE-070112-592]
ENSDARG00000013771	5.817091846562678e-4	0.04119590843115216	-0.8401050435598806	16	29514473	29519977	1	protein_coding	ctss2.2	cathepsin S, ortholog 2, tandem duplicate 2 [Source:ZFIN;Acc:ZDB-GENE-050626-55]
ENSDARG00000076440	5.834736394321944e-4	0.04119590843115216	-0.21466315869485272	13	33394116	33398735	-1	protein_coding	btbd6a	BTB (POZ) domain containing 6a [Source:NCBI gene;Acc:100141360]
ENSDARG00000016154	5.929730930946236e-4	0.04173023998797831	0.24302888626628139	17	37792617	37795865	-1	protein_coding	zfp36l1a	zinc finger protein 36, C3H type-like 1a [Source:ZFIN;Acc:ZDB-GENE-030131-9860]
ENSDARG00000076563	6.007459190051667e-4	0.04206204909083687	-0.2991098006565292	14	45565891	45573222	1	protein_coding	rarres3l	retinoic acid receptor responder 3-like [Source:ZFIN;Acc:ZDB-GENE-040718-368]
ENSDARG00000062489	6.015817250205319e-4	0.04206204909083687	-0.18689284754385446	13	17751866	18011208	-1	protein_coding	march8	membrane-associated ring finger (C3HC4) 8 [Source:ZFIN;Acc:ZDB-GENE-080204-8]
ENSDARG00000075612	6.23794401502733e-4	0.04347444530473079	0.244350518507449	13	30874153	30910016	1	protein_coding	ercc6	excision repair cross-complementation group 6 [Source:ZFIN;Acc:ZDB-GENE-070228-1]
ENSDARG00000096786	6.341295572936245e-4	0.044016589277285474	-0.8317095190756336	12	30550721	30558694	-1	protein_coding	si:ch211-28p3.3	si:ch211-28p3.3 [Source:ZFIN;Acc:ZDB-GENE-130603-7]
ENSDARG00000068275	6.374913156716426e-4	0.044016589277285474	0.44077238147680065	18	41364437	41375120	-1	protein_coding	ptx3a	pentraxin 3, long a [Source:ZFIN;Acc:ZDB-GENE-030131-8720]
ENSDARG00000006314	6.388577800842793e-4	0.044016589277285474	0.294005532557212	9	11597500	11655031	-1	protein_coding	itgav	integrin, alpha V [Source:ZFIN;Acc:ZDB-GENE-060616-382]
ENSDARG00000044532	6.397227046085461e-4	0.044016589277285474	-0.3444990408495679	6	12462079	12466550	1	protein_coding	nr4a2b	nuclear receptor subfamily 4, group A, member 2b [Source:ZFIN;Acc:ZDB-GENE-040718-103]
ENSDARG00000041051	6.433743470375952e-4	0.044121821848122626	-0.29105515519871134	9	30263188	30264415	-1	protein_coding	mid1ip1a	MID1 interacting protein 1a [Source:NCBI gene;Acc:30600]
ENSDARG00000076754	6.453365287668018e-4	0.044121821848122626	-0.22236929324325627	6	37529383	37600648	1	protein_coding	slc9a7	solute carrier family 9 member 7 [Source:ZFIN;Acc:ZDB-GENE-050913-8]
ENSDARG00000033170	6.569594349467612e-4	0.04477479051111916	0.33392266436760015	12	630295	645972	-1	protein_coding	sult2st1	sulfotransferase family 2, cytosolic sulfotransferase 1 [Source:ZFIN;Acc:ZDB-GENE-030219-114]
ENSDARG00000103129	6.657658561331638e-4	0.04523229975395284	0.27352104236878017	11	44548209	44603789	1	protein_coding	nid1b	nidogen 1b [Source:ZFIN;Acc:ZDB-GENE-070802-3]
ENSDARG00000061974	6.680326357423144e-4	0.04524402851163857	0.380693491116687	19	12234975	12291981	1	protein_coding	grhl2b	grainyhead-like transcription factor 2b [Source:ZFIN;Acc:ZDB-GENE-060503-719]
ENSDARG00000079266	6.776307565371993e-4	0.045732576920359216	0.5706969624276869	1	26701610	26702992	-1	protein_coding	foxe1	forkhead box E1 [Source:ZFIN;Acc:ZDB-GENE-061116-1]
ENSDARG00000039483	6.794796200618055e-4	0.045732576920359216	-0.22421322409685931	13	25428677	25438298	1	protein_coding	si:dkey-51a16.9	si:dkey-51a16.9 [Source:ZFIN;Acc:ZDB-GENE-030616-560]
ENSDARG00000017741	6.916122869151269e-4	0.04640460701491093	0.18872725033330345	14	25923373	25935167	-1	protein_coding	g3bp1	GTPase activating protein (SH3 domain) binding protein 1 [Source:ZFIN;Acc:ZDB-GENE-030131-7452]
ENSDARG00000041294	7.004633582834717e-4	0.046852974785493516	-0.4551019466343049	3	62161184	62169060	1	protein_coding	noxo1a	NADPH oxidase organizer 1a [Source:ZFIN;Acc:ZDB-GENE-030131-9700]
ENSDARG00000020467	7.104680896413281e-4	0.04737550332315091	-0.18040314728451068	22	15695746	15704710	-1	protein_coding	safb	scaffold attachment factor B [Source:ZFIN;Acc:ZDB-GENE-030131-698]
ENSDARG00000036279	7.248767379754398e-4	0.048161663685878396	0.2700254016156845	2	35880600	35979178	1	protein_coding	lamc1	laminin, gamma 1 [Source:NCBI gene;Acc:286832]
ENSDARG00000063631	7.267161472620392e-4	0.048161663685878396	0.30090911618308	13	353175	377256	-1	protein_coding	VIT	si:ch1073-291c23.1 [Source:ZFIN;Acc:ZDB-GENE-050208-114]
ENSDARG00000045946	7.448802147309467e-4	0.049046726761426115	0.3119258447194262	7	69905307	69951096	1	protein_coding	sec24d	SEC24 homolog D, COPII coat complex component [Source:ZFIN;Acc:ZDB-GENE-070117-2501]
ENSDARG00000076945	7.464883182880178e-4	0.049046726761426115	0.42053022739703655	20	7327627	7350653	1	processed_transcript	dsg2.1	desmoglein 2, tandem duplicate 1 [Source:ZFIN;Acc:ZDB-GENE-030131-7531]
ENSDARG00000056922	7.468814211760793e-4	0.049046726761426115	0.3182848122199501	17	22956427	23116523	1	protein_coding	ltbp1	latent transforming growth factor beta binding protein 1 [Source:ZFIN;Acc:ZDB-GENE-091202-8]
ENSDARG00000017444	7.49948340092088e-4	0.049065015453540424	-0.1706542639538958	25	7954140	7974494	-1	protein_coding	hal	histidine ammonia-lyase [Source:ZFIN;Acc:ZDB-GENE-070410-5]
ENSDARG00000017427	7.51701926180138e-4	0.049065015453540424	-0.22218613492023817	16	31601181	31622805	-1	protein_coding	phf20l1	PHD finger protein 20 like 1 [Source:ZFIN;Acc:ZDB-GENE-030131-5837]
ENSDARG00000058953	7.599507305423988e-4	0.049360700511649036	0.2910437688009155	6	7322587	7390458	1	protein_coding	abcc4	ATP-binding cassette, sub-family C (CFTR/MRP), member 4 [Source:ZFIN;Acc:ZDB-GENE-030616-511]
ENSDARG00000002670	7.608013547965346e-4	0.049360700511649036	-0.19616548886003152	17	10748366	10766679	1	protein_coding	ATG14	zgc:113944 [Source:ZFIN;Acc:ZDB-GENE-050913-155]
ENSDARG00000063309	7.638631878245509e-4	0.04941097057769288	0.18278244324779105	10	15815865	15879569	-1	protein_coding	tjp2a	tight junction protein 2a (zona occludens 2) [Source:ZFIN;Acc:ZDB-GENE-070925-2]
ENSDARG00000075521	7.68787184194336e-4	0.04947398453744551	0.5406958117683087	1	40801448	40818900	1	protein_coding	cpz	carboxypeptidase Z [Source:ZFIN;Acc:ZDB-GENE-090313-267]
ENSDARG00000017251	7.742923760981939e-4	0.04947398453744551	1.6017436934870801	10	39314578	39321367	-1	protein_coding	smtlb	somatolactin beta [Source:ZFIN;Acc:ZDB-GENE-060123-1]
ENSDARG00000092947	7.750508106182286e-4	0.04947398453744551	0.41792734178395996	19	5362420	5364649	-1	protein_coding	cyt1	type I cytokeratin, enveloping layer [Source:ZFIN;Acc:ZDB-GENE-991008-6]
ENSDARG00000069421	7.754578433756168e-4	0.04947398453744551	-0.16944348880962015	21	30410334	30415524	-1	protein_coding	grpel2	GrpE-like 2, mitochondrial [Source:ZFIN;Acc:ZDB-GENE-091204-188]
ENSDARG00000083189	7.762870057021073e-4	0.04947398453744551	0.447477731149718	22	34960346	34979177	-1	protein_coding	arhgap19	Rho GTPase activating protein 19 [Source:ZFIN;Acc:ZDB-GENE-100922-157]
ENSDARG00000092115	7.795027001312604e-4	0.04953281128334083	0.2259625814249027	7	26510827	26518086	-1	protein_coding	eif4a1a	eukaryotic translation initiation factor 4A1A [Source:ZFIN;Acc:ZDB-GENE-031030-2]
ENSDARG00000039133	7.854680781888597e-4	0.049765506830704735	0.38414348028217105	25	31633322	31702970	-1	protein_coding	lamb4	laminin, beta 4 [Source:NCBI gene;Acc:286831]
